"'Allo 'Allo!";"1";"01";"Llegan los ingleses (Parte I)";"online";"http://www.seriesyonkis.com/go/mv/188567"
"'Allo 'Allo!";"1";"01";"Llegan los ingleses (Parte I)";"online";"http://www.seriesyonkis.com/go/mv/490373"
"'Allo 'Allo!";"1";"01";"Llegan los ingleses (Parte I)";"online";"http://www.seriesyonkis.com/go/mv/497260"
"'Allo 'Allo!";"1";"01";"Llegan los ingleses (Parte I)";"download";"http://www.seriesyonkis.com/go/d/188568"
"'Allo 'Allo!";"1";"01";"Llegan los ingleses (Parte I)";"download";"http://www.seriesyonkis.com/go/d/490368"
"'Allo 'Allo!";"1";"01";"Llegan los ingleses (Parte I)";"download";"http://www.seriesyonkis.com/go/d/497259"
"'Allo 'Allo!";"1";"02";"Llegan los ingleses (Parte II)";"online";"http://www.seriesyonkis.com/go/mv/188569"
"'Allo 'Allo!";"1";"02";"Llegan los ingleses (Parte II)";"online";"http://www.seriesyonkis.com/go/mv/490379"
"'Allo 'Allo!";"1";"02";"Llegan los ingleses (Parte II)";"online";"http://www.seriesyonkis.com/go/mv/497286"
"'Allo 'Allo!";"1";"02";"Llegan los ingleses (Parte II)";"download";"http://www.seriesyonkis.com/go/d/88802"
"'Allo 'Allo!";"1";"02";"Llegan los ingleses (Parte II)";"download";"http://www.seriesyonkis.com/go/d/188570"
"'Allo 'Allo!";"1";"02";"Llegan los ingleses (Parte II)";"download";"http://www.seriesyonkis.com/go/d/490378"
"'Allo 'Allo!";"1";"02";"Llegan los ingleses (Parte II)";"download";"http://www.seriesyonkis.com/go/d/490384"
"'Allo 'Allo!";"1";"02";"Llegan los ingleses (Parte II)";"download";"http://www.seriesyonkis.com/go/d/497285"
"'Allo 'Allo!";"1";"03";"Palomas mensajeras";"online";"http://www.seriesyonkis.com/go/mv/188571"
"'Allo 'Allo!";"1";"03";"Palomas mensajeras";"online";"http://www.seriesyonkis.com/go/mv/497288"
"'Allo 'Allo!";"1";"03";"Palomas mensajeras";"download";"http://www.seriesyonkis.com/go/d/88803"
"'Allo 'Allo!";"1";"03";"Palomas mensajeras";"download";"http://www.seriesyonkis.com/go/d/188572"
"'Allo 'Allo!";"1";"03";"Palomas mensajeras";"download";"http://www.seriesyonkis.com/go/d/497287"
"'Allo 'Allo!";"1";"04";"Saville Row al rescate";"online";"http://www.seriesyonkis.com/go/mv/56212"
"'Allo 'Allo!";"1";"04";"Saville Row al rescate";"online";"http://www.seriesyonkis.com/go/mv/188573"
"'Allo 'Allo!";"1";"04";"Saville Row al rescate";"online";"http://www.seriesyonkis.com/go/mv/490393"
"'Allo 'Allo!";"1";"04";"Saville Row al rescate";"online";"http://www.seriesyonkis.com/go/mv/497290"
"'Allo 'Allo!";"1";"04";"Saville Row al rescate";"download";"http://www.seriesyonkis.com/go/d/88804"
"'Allo 'Allo!";"1";"04";"Saville Row al rescate";"download";"http://www.seriesyonkis.com/go/d/188574"
"'Allo 'Allo!";"1";"04";"Saville Row al rescate";"download";"http://www.seriesyonkis.com/go/d/490392"
"'Allo 'Allo!";"1";"04";"Saville Row al rescate";"download";"http://www.seriesyonkis.com/go/d/490399"
"'Allo 'Allo!";"1";"04";"Saville Row al rescate";"download";"http://www.seriesyonkis.com/go/d/497289"
"'Allo 'Allo!";"1";"05";"La ejecucion";"online";"http://www.seriesyonkis.com/go/mv/188575"
"'Allo 'Allo!";"1";"05";"La ejecucion";"online";"http://www.seriesyonkis.com/go/mv/490403"
"'Allo 'Allo!";"1";"05";"La ejecucion";"online";"http://www.seriesyonkis.com/go/mv/497292"
"'Allo 'Allo!";"1";"05";"La ejecucion";"download";"http://www.seriesyonkis.com/go/d/188576"
"'Allo 'Allo!";"1";"05";"La ejecucion";"download";"http://www.seriesyonkis.com/go/d/490402"
"'Allo 'Allo!";"1";"05";"La ejecucion";"download";"http://www.seriesyonkis.com/go/d/497291"
"'Allo 'Allo!";"1";"06";"El funeral";"online";"http://www.seriesyonkis.com/go/mv/188577"
"'Allo 'Allo!";"1";"06";"El funeral";"online";"http://www.seriesyonkis.com/go/mv/490407"
"'Allo 'Allo!";"1";"06";"El funeral";"online";"http://www.seriesyonkis.com/go/mv/497294"
"'Allo 'Allo!";"1";"06";"El funeral";"download";"http://www.seriesyonkis.com/go/d/188578"
"'Allo 'Allo!";"1";"06";"El funeral";"download";"http://www.seriesyonkis.com/go/d/490406"
"'Allo 'Allo!";"1";"06";"El funeral";"download";"http://www.seriesyonkis.com/go/d/497293"
"'Allo 'Allo!";"1";"07";"Los comunistas secuestran al coronel";"online";"http://www.seriesyonkis.com/go/mv/188579"
"'Allo 'Allo!";"1";"07";"Los comunistas secuestran al coronel";"online";"http://www.seriesyonkis.com/go/mv/490411"
"'Allo 'Allo!";"1";"07";"Los comunistas secuestran al coronel";"online";"http://www.seriesyonkis.com/go/mv/497296"
"'Allo 'Allo!";"1";"07";"Los comunistas secuestran al coronel";"download";"http://www.seriesyonkis.com/go/d/88805"
"'Allo 'Allo!";"1";"07";"Los comunistas secuestran al coronel";"download";"http://www.seriesyonkis.com/go/d/188580"
"'Allo 'Allo!";"1";"07";"Los comunistas secuestran al coronel";"download";"http://www.seriesyonkis.com/go/d/490410"
"'Allo 'Allo!";"1";"07";"Los comunistas secuestran al coronel";"download";"http://www.seriesyonkis.com/go/d/497295"
"'Allo 'Allo!";"1";"08";"El baile de las juventudes hitlerianas";"online";"http://www.seriesyonkis.com/go/mv/188581"
"'Allo 'Allo!";"1";"08";"El baile de las juventudes hitlerianas";"online";"http://www.seriesyonkis.com/go/mv/490415"
"'Allo 'Allo!";"1";"08";"El baile de las juventudes hitlerianas";"online";"http://www.seriesyonkis.com/go/mv/497298"
"'Allo 'Allo!";"1";"08";"El baile de las juventudes hitlerianas";"download";"http://www.seriesyonkis.com/go/d/188582"
"'Allo 'Allo!";"1";"08";"El baile de las juventudes hitlerianas";"download";"http://www.seriesyonkis.com/go/d/490414"
"'Allo 'Allo!";"1";"08";"El baile de las juventudes hitlerianas";"download";"http://www.seriesyonkis.com/go/d/497297"
"100 años del cómic";"1";"01";"Capitulo 01";"online";"http://www.seriesyonkis.com/go/mv/286858"
"100 años del cómic";"1";"01";"Capitulo 01";"online";"http://www.seriesyonkis.com/go/mv/490370"
"100 años del cómic";"1";"01";"Capitulo 01";"download";"http://www.seriesyonkis.com/go/d/490369"
"100 años del cómic";"1";"02";"Capitulo 02";"online";"http://www.seriesyonkis.com/go/mv/286861"
"100 años del cómic";"1";"02";"Capitulo 02";"online";"http://www.seriesyonkis.com/go/mv/490372"
"100 años del cómic";"1";"02";"Capitulo 02";"download";"http://www.seriesyonkis.com/go/d/490371"
"100 años del cómic";"1";"03";"Capitulo 03";"online";"http://www.seriesyonkis.com/go/mv/286864"
"100 años del cómic";"1";"03";"Capitulo 03";"download";"http://www.seriesyonkis.com/go/d/286865"
"100 años del cómic";"1";"04";"Capitulo 04";"online";"http://www.seriesyonkis.com/go/mv/286869"
"100 años del cómic";"1";"04";"Capitulo 04";"online";"http://www.seriesyonkis.com/go/mv/490391"
"100 años del cómic";"1";"04";"Capitulo 04";"download";"http://www.seriesyonkis.com/go/d/490389"
"100 años del cómic";"1";"05";"Capitulo 05";"online";"http://www.seriesyonkis.com/go/mv/286872"
"100 años del cómic";"1";"05";"Capitulo 05";"online";"http://www.seriesyonkis.com/go/mv/490377"
"100 años del cómic";"1";"05";"Capitulo 05";"download";"http://www.seriesyonkis.com/go/d/490376"
"100 años del cómic";"1";"06";"Capitulo 06";"online";"http://www.seriesyonkis.com/go/mv/286875"
"100 años del cómic";"1";"06";"Capitulo 06";"online";"http://www.seriesyonkis.com/go/mv/490396"
"100 años del cómic";"1";"06";"Capitulo 06";"download";"http://www.seriesyonkis.com/go/d/490394"
"100 años del cómic";"1";"07";"Capitulo 07";"online";"http://www.seriesyonkis.com/go/mv/286878"
"100 años del cómic";"1";"07";"Capitulo 07";"online";"http://www.seriesyonkis.com/go/mv/490400"
"100 años del cómic";"1";"07";"Capitulo 07";"download";"http://www.seriesyonkis.com/go/d/490398"
"100 años del cómic";"1";"08";"Capitulo 08";"online";"http://www.seriesyonkis.com/go/mv/286881"
"100 años del cómic";"1";"08";"Capitulo 08";"download";"http://www.seriesyonkis.com/go/d/286882"
"100 años del cómic";"1";"09";"Capitulo 09";"online";"http://www.seriesyonkis.com/go/mv/286886"
"100 años del cómic";"1";"09";"Capitulo 09";"online";"http://www.seriesyonkis.com/go/mv/490382"
"100 años del cómic";"1";"09";"Capitulo 09";"download";"http://www.seriesyonkis.com/go/d/490380"
"100 años del cómic";"1";"10";"Capitulo 10";"online";"http://www.seriesyonkis.com/go/mv/286889"
"100 años del cómic";"1";"10";"Capitulo 10";"download";"http://www.seriesyonkis.com/go/d/286890"
"100 años del cómic";"1";"11";"Capitulo 11";"online";"http://www.seriesyonkis.com/go/mv/286894"
"100 años del cómic";"1";"11";"Capitulo 11";"download";"http://www.seriesyonkis.com/go/d/286895"
"100 años del cómic";"1";"12";"Capitulo 12";"online";"http://www.seriesyonkis.com/go/mv/286899"
"100 años del cómic";"1";"12";"Capitulo 12";"download";"http://www.seriesyonkis.com/go/d/286900"
"100 años del cómic";"1";"13";"Capitulo 13";"online";"http://www.seriesyonkis.com/go/mv/286904"
"100 años del cómic";"1";"13";"Capitulo 13";"online";"http://www.seriesyonkis.com/go/mv/490387"
"100 años del cómic";"1";"13";"Capitulo 13";"download";"http://www.seriesyonkis.com/go/d/490385"
"'Allo 'Allo!";"2";"01";" Seis grandes melones";"online";"http://www.seriesyonkis.com/go/mv/188583"
"'Allo 'Allo!";"2";"01";" Seis grandes melones";"online";"http://www.seriesyonkis.com/go/mv/490429"
"'Allo 'Allo!";"2";"01";" Seis grandes melones";"online";"http://www.seriesyonkis.com/go/mv/497262"
"'Allo 'Allo!";"2";"01";" Seis grandes melones";"download";"http://www.seriesyonkis.com/go/d/88806"
"'Allo 'Allo!";"2";"01";" Seis grandes melones";"download";"http://www.seriesyonkis.com/go/d/188584"
"'Allo 'Allo!";"2";"01";" Seis grandes melones";"download";"http://www.seriesyonkis.com/go/d/490427"
"'Allo 'Allo!";"2";"01";" Seis grandes melones";"download";"http://www.seriesyonkis.com/go/d/497261"
"'Allo 'Allo!";"2";"02";"El Festejo de la viuda de Artois";"online";"http://www.seriesyonkis.com/go/mv/188585"
"'Allo 'Allo!";"2";"02";"El Festejo de la viuda de Artois";"online";"http://www.seriesyonkis.com/go/mv/490436"
"'Allo 'Allo!";"2";"02";"El Festejo de la viuda de Artois";"online";"http://www.seriesyonkis.com/go/mv/497300"
"'Allo 'Allo!";"2";"02";"El Festejo de la viuda de Artois";"download";"http://www.seriesyonkis.com/go/d/88807"
"'Allo 'Allo!";"2";"02";"El Festejo de la viuda de Artois";"download";"http://www.seriesyonkis.com/go/d/188586"
"'Allo 'Allo!";"2";"02";"El Festejo de la viuda de Artois";"download";"http://www.seriesyonkis.com/go/d/490435"
"'Allo 'Allo!";"2";"02";"El Festejo de la viuda de Artois";"download";"http://www.seriesyonkis.com/go/d/497299"
"'Allo 'Allo!";"2";"03";"Llega el Policia";"online";"http://www.seriesyonkis.com/go/mv/188587"
"'Allo 'Allo!";"2";"03";"Llega el Policia";"online";"http://www.seriesyonkis.com/go/mv/490444"
"'Allo 'Allo!";"2";"03";"Llega el Policia";"online";"http://www.seriesyonkis.com/go/mv/497302"
"'Allo 'Allo!";"2";"03";"Llega el Policia";"download";"http://www.seriesyonkis.com/go/d/88808"
"'Allo 'Allo!";"2";"03";"Llega el Policia";"download";"http://www.seriesyonkis.com/go/d/188588"
"'Allo 'Allo!";"2";"03";"Llega el Policia";"download";"http://www.seriesyonkis.com/go/d/490442"
"'Allo 'Allo!";"2";"03";"Llega el Policia";"download";"http://www.seriesyonkis.com/go/d/497301"
"'Allo 'Allo!";"2";"04";"Rapido y con estilo";"online";"http://www.seriesyonkis.com/go/mv/56220"
"'Allo 'Allo!";"2";"04";"Rapido y con estilo";"online";"http://www.seriesyonkis.com/go/mv/188589"
"'Allo 'Allo!";"2";"04";"Rapido y con estilo";"online";"http://www.seriesyonkis.com/go/mv/490451"
"'Allo 'Allo!";"2";"04";"Rapido y con estilo";"online";"http://www.seriesyonkis.com/go/mv/497304"
"'Allo 'Allo!";"2";"04";"Rapido y con estilo";"download";"http://www.seriesyonkis.com/go/d/88809"
"'Allo 'Allo!";"2";"04";"Rapido y con estilo";"download";"http://www.seriesyonkis.com/go/d/188590"
"'Allo 'Allo!";"2";"04";"Rapido y con estilo";"download";"http://www.seriesyonkis.com/go/d/490449"
"'Allo 'Allo!";"2";"04";"Rapido y con estilo";"download";"http://www.seriesyonkis.com/go/d/490456"
"'Allo 'Allo!";"2";"04";"Rapido y con estilo";"download";"http://www.seriesyonkis.com/go/d/497303"
"'Allo 'Allo!";"2";"05";"El duelo";"online";"http://www.seriesyonkis.com/go/mv/188591"
"'Allo 'Allo!";"2";"05";"El duelo";"online";"http://www.seriesyonkis.com/go/mv/490459"
"'Allo 'Allo!";"2";"05";"El duelo";"online";"http://www.seriesyonkis.com/go/mv/497306"
"'Allo 'Allo!";"2";"05";"El duelo";"download";"http://www.seriesyonkis.com/go/d/88810"
"'Allo 'Allo!";"2";"05";"El duelo";"download";"http://www.seriesyonkis.com/go/d/188592"
"'Allo 'Allo!";"2";"05";"El duelo";"download";"http://www.seriesyonkis.com/go/d/490458"
"'Allo 'Allo!";"2";"05";"El duelo";"download";"http://www.seriesyonkis.com/go/d/497305"
"'Allo 'Allo!";"2";"06";"La Venganza de herr Flick ";"online";"http://www.seriesyonkis.com/go/mv/188593"
"'Allo 'Allo!";"2";"06";"La Venganza de herr Flick ";"online";"http://www.seriesyonkis.com/go/mv/490474"
"'Allo 'Allo!";"2";"06";"La Venganza de herr Flick ";"online";"http://www.seriesyonkis.com/go/mv/497308"
"'Allo 'Allo!";"2";"06";"La Venganza de herr Flick ";"download";"http://www.seriesyonkis.com/go/d/88811"
"'Allo 'Allo!";"2";"06";"La Venganza de herr Flick ";"download";"http://www.seriesyonkis.com/go/d/188594"
"'Allo 'Allo!";"2";"06";"La Venganza de herr Flick ";"download";"http://www.seriesyonkis.com/go/d/490462"
"'Allo 'Allo!";"2";"06";"La Venganza de herr Flick ";"download";"http://www.seriesyonkis.com/go/d/497307"
"100 Questions";"1";"01";"What brought you here";"online";"http://www.seriesyonkis.com/go/mv/220291"
"100 Questions";"1";"01";"What brought you here";"online";"http://www.seriesyonkis.com/go/mv/222249"
"100 Questions";"1";"01";"What brought you here";"online";"http://www.seriesyonkis.com/go/mv/226022"
"100 Questions";"1";"01";"What brought you here";"download";"http://www.seriesyonkis.com/go/d/226024"
"100 Questions";"1";"02";"Are you Open-Minded";"online";"http://www.seriesyonkis.com/go/mv/226023"
"100 Questions";"1";"02";"Are you Open-Minded";"download";"http://www.seriesyonkis.com/go/d/226025"
"100 Questions";"1";"03";"Are You Romantic";"online";"http://www.seriesyonkis.com/go/mv/230377"
"100 Questions";"1";"03";"Are You Romantic";"online";"http://www.seriesyonkis.com/go/mv/230431"
"100 Questions";"1";"03";"Are You Romantic";"download";"http://www.seriesyonkis.com/go/d/230430"
"100 Questions";"1";"04";"Have you ever dated a bad";"online";"http://www.seriesyonkis.com/go/mv/247834"
"100 Questions";"1";"04";"Have you ever dated a bad";"download";"http://www.seriesyonkis.com/go/d/247833"
"100 Questions";"1";"05";"Wayne";"online";"http://www.seriesyonkis.com/go/mv/263930"
"100 Questions";"1";"05";"Wayne";"download";"http://www.seriesyonkis.com/go/d/263929"
"100 Questions";"1";"06";"Have you ever had a one-night stand?";"online";"http://www.seriesyonkis.com/go/mv/273217"
"100 Questions";"1";"06";"Have you ever had a one-night stand?";"online";"http://www.seriesyonkis.com/go/mv/274234"
"100 Questions";"1";"06";"Have you ever had a one-night stand?";"download";"http://www.seriesyonkis.com/go/d/274233"
"'Allo 'Allo!";"3";"01";"La Longaniza robada";"online";"http://www.seriesyonkis.com/go/mv/188595"
"'Allo 'Allo!";"3";"01";"La Longaniza robada";"online";"http://www.seriesyonkis.com/go/mv/497264"
"'Allo 'Allo!";"3";"01";"La Longaniza robada";"download";"http://www.seriesyonkis.com/go/d/188596"
"'Allo 'Allo!";"3";"01";"La Longaniza robada";"download";"http://www.seriesyonkis.com/go/d/497263"
"'Allo 'Allo!";"3";"02";"Gruber hace la carne picada";"online";"http://www.seriesyonkis.com/go/mv/61647"
"'Allo 'Allo!";"3";"02";"Gruber hace la carne picada";"online";"http://www.seriesyonkis.com/go/mv/490484"
"'Allo 'Allo!";"3";"02";"Gruber hace la carne picada";"online";"http://www.seriesyonkis.com/go/mv/497310"
"'Allo 'Allo!";"3";"02";"Gruber hace la carne picada";"download";"http://www.seriesyonkis.com/go/d/91721"
"'Allo 'Allo!";"3";"02";"Gruber hace la carne picada";"download";"http://www.seriesyonkis.com/go/d/490481"
"'Allo 'Allo!";"3";"02";"Gruber hace la carne picada";"download";"http://www.seriesyonkis.com/go/d/497309"
"'Allo 'Allo!";"3";"03";"La Longaniza dentro del armario";"online";"http://www.seriesyonkis.com/go/mv/61648"
"'Allo 'Allo!";"3";"03";"La Longaniza dentro del armario";"online";"http://www.seriesyonkis.com/go/mv/490493"
"'Allo 'Allo!";"3";"03";"La Longaniza dentro del armario";"online";"http://www.seriesyonkis.com/go/mv/497312"
"'Allo 'Allo!";"3";"03";"La Longaniza dentro del armario";"download";"http://www.seriesyonkis.com/go/d/91722"
"'Allo 'Allo!";"3";"03";"La Longaniza dentro del armario";"download";"http://www.seriesyonkis.com/go/d/490490"
"'Allo 'Allo!";"3";"03";"La Longaniza dentro del armario";"download";"http://www.seriesyonkis.com/go/d/497311"
"'Allo 'Allo!";"3";"04";"El Vuelo de la imaginacion";"online";"http://www.seriesyonkis.com/go/mv/61649"
"'Allo 'Allo!";"3";"04";"El Vuelo de la imaginacion";"online";"http://www.seriesyonkis.com/go/mv/490500"
"'Allo 'Allo!";"3";"04";"El Vuelo de la imaginacion";"online";"http://www.seriesyonkis.com/go/mv/497314"
"'Allo 'Allo!";"3";"04";"El Vuelo de la imaginacion";"download";"http://www.seriesyonkis.com/go/d/91723"
"'Allo 'Allo!";"3";"04";"El Vuelo de la imaginacion";"download";"http://www.seriesyonkis.com/go/d/490498"
"'Allo 'Allo!";"3";"04";"El Vuelo de la imaginacion";"download";"http://www.seriesyonkis.com/go/d/497313"
"'Allo 'Allo!";"3";"05";"Camareras Bonitas";"online";"http://www.seriesyonkis.com/go/mv/63445"
"'Allo 'Allo!";"3";"05";"Camareras Bonitas";"online";"http://www.seriesyonkis.com/go/mv/490510"
"'Allo 'Allo!";"3";"05";"Camareras Bonitas";"online";"http://www.seriesyonkis.com/go/mv/497316"
"'Allo 'Allo!";"3";"05";"Camareras Bonitas";"download";"http://www.seriesyonkis.com/go/d/92432"
"'Allo 'Allo!";"3";"05";"Camareras Bonitas";"download";"http://www.seriesyonkis.com/go/d/490507"
"'Allo 'Allo!";"3";"05";"Camareras Bonitas";"download";"http://www.seriesyonkis.com/go/d/497315"
"'Allo 'Allo!";"3";"06";"La Gran Des-Evasion";"online";"http://www.seriesyonkis.com/go/mv/63446"
"'Allo 'Allo!";"3";"06";"La Gran Des-Evasion";"online";"http://www.seriesyonkis.com/go/mv/490518"
"'Allo 'Allo!";"3";"06";"La Gran Des-Evasion";"online";"http://www.seriesyonkis.com/go/mv/497318"
"'Allo 'Allo!";"3";"06";"La Gran Des-Evasion";"download";"http://www.seriesyonkis.com/go/d/92433"
"'Allo 'Allo!";"3";"06";"La Gran Des-Evasion";"download";"http://www.seriesyonkis.com/go/d/490516"
"'Allo 'Allo!";"3";"06";"La Gran Des-Evasion";"download";"http://www.seriesyonkis.com/go/d/497317"
"10 razones para odiarte";"1";"01";"Piloto";"online";"http://www.seriesyonkis.com/go/mv/325167"
"10 razones para odiarte";"1";"01";"Piloto";"online";"http://www.seriesyonkis.com/go/mv/325168"
"10 razones para odiarte";"1";"01";"Piloto";"online";"http://www.seriesyonkis.com/go/mv/325169"
"10 razones para odiarte";"1";"01";"Piloto";"online";"http://www.seriesyonkis.com/go/mv/325684"
"10 razones para odiarte";"1";"01";"Piloto";"online";"http://www.seriesyonkis.com/go/mv/332847"
"10 razones para odiarte";"1";"01";"Piloto";"online";"http://www.seriesyonkis.com/go/mv/105796"
"10 razones para odiarte";"1";"01";"Piloto";"online";"http://www.seriesyonkis.com/go/mv/137304"
"10 razones para odiarte";"1";"01";"Piloto";"online";"http://www.seriesyonkis.com/go/mv/115816"
"10 razones para odiarte";"1";"01";"Piloto";"download";"http://www.seriesyonkis.com/go/d/351993"
"10 razones para odiarte";"1";"01";"Piloto";"download";"http://www.seriesyonkis.com/go/d/332851"
"10 razones para odiarte";"1";"01";"Piloto";"download";"http://www.seriesyonkis.com/go/d/325769"
"10 razones para odiarte";"1";"01";"Piloto";"download";"http://www.seriesyonkis.com/go/d/105797"
"10 razones para odiarte";"1";"01";"Piloto";"download";"http://www.seriesyonkis.com/go/d/137305"
"10 razones para odiarte";"1";"01";"Piloto";"download";"http://www.seriesyonkis.com/go/d/115817"
"10 razones para odiarte";"1";"02";"Quiero que me quieras";"online";"http://www.seriesyonkis.com/go/mv/325161"
"10 razones para odiarte";"1";"02";"Quiero que me quieras";"online";"http://www.seriesyonkis.com/go/mv/325162"
"10 razones para odiarte";"1";"02";"Quiero que me quieras";"online";"http://www.seriesyonkis.com/go/mv/325163"
"10 razones para odiarte";"1";"02";"Quiero que me quieras";"online";"http://www.seriesyonkis.com/go/mv/326882"
"10 razones para odiarte";"1";"02";"Quiero que me quieras";"online";"http://www.seriesyonkis.com/go/mv/332848"
"10 razones para odiarte";"1";"02";"Quiero que me quieras";"online";"http://www.seriesyonkis.com/go/mv/352527"
"10 razones para odiarte";"1";"02";"Quiero que me quieras";"online";"http://www.seriesyonkis.com/go/mv/107354"
"10 razones para odiarte";"1";"02";"Quiero que me quieras";"online";"http://www.seriesyonkis.com/go/mv/137306"
"10 razones para odiarte";"1";"02";"Quiero que me quieras";"online";"http://www.seriesyonkis.com/go/mv/115818"
"10 razones para odiarte";"1";"02";"Quiero que me quieras";"download";"http://www.seriesyonkis.com/go/d/352526"
"10 razones para odiarte";"1";"02";"Quiero que me quieras";"download";"http://www.seriesyonkis.com/go/d/332852"
"10 razones para odiarte";"1";"02";"Quiero que me quieras";"download";"http://www.seriesyonkis.com/go/d/326888"
"10 razones para odiarte";"1";"02";"Quiero que me quieras";"download";"http://www.seriesyonkis.com/go/d/107355"
"10 razones para odiarte";"1";"02";"Quiero que me quieras";"download";"http://www.seriesyonkis.com/go/d/137307"
"10 razones para odiarte";"1";"02";"Quiero que me quieras";"download";"http://www.seriesyonkis.com/go/d/115819"
"10 razones para odiarte";"1";"03";"No volverán a engañarme";"online";"http://www.seriesyonkis.com/go/mv/330493"
"10 razones para odiarte";"1";"03";"No volverán a engañarme";"online";"http://www.seriesyonkis.com/go/mv/330496"
"10 razones para odiarte";"1";"03";"No volverán a engañarme";"online";"http://www.seriesyonkis.com/go/mv/330524"
"10 razones para odiarte";"1";"03";"No volverán a engañarme";"online";"http://www.seriesyonkis.com/go/mv/332849"
"10 razones para odiarte";"1";"03";"No volverán a engañarme";"online";"http://www.seriesyonkis.com/go/mv/351995"
"10 razones para odiarte";"1";"03";"No volverán a engañarme";"online";"http://www.seriesyonkis.com/go/mv/110468"
"10 razones para odiarte";"1";"03";"No volverán a engañarme";"online";"http://www.seriesyonkis.com/go/mv/137308"
"10 razones para odiarte";"1";"03";"No volverán a engañarme";"online";"http://www.seriesyonkis.com/go/mv/115820"
"10 razones para odiarte";"1";"03";"No volverán a engañarme";"download";"http://www.seriesyonkis.com/go/d/330494"
"10 razones para odiarte";"1";"03";"No volverán a engañarme";"download";"http://www.seriesyonkis.com/go/d/351994"
"10 razones para odiarte";"1";"03";"No volverán a engañarme";"download";"http://www.seriesyonkis.com/go/d/332853"
"10 razones para odiarte";"1";"03";"No volverán a engañarme";"download";"http://www.seriesyonkis.com/go/d/330525"
"10 razones para odiarte";"1";"03";"No volverán a engañarme";"download";"http://www.seriesyonkis.com/go/d/108492"
"10 razones para odiarte";"1";"03";"No volverán a engañarme";"download";"http://www.seriesyonkis.com/go/d/137309"
"10 razones para odiarte";"1";"03";"No volverán a engañarme";"download";"http://www.seriesyonkis.com/go/d/115821"
"10 razones para odiarte";"1";"04";"Don’t Give a Damn About My Bad Reputation";"online";"http://www.seriesyonkis.com/go/mv/330498"
"10 razones para odiarte";"1";"04";"Don’t Give a Damn About My Bad Reputation";"online";"http://www.seriesyonkis.com/go/mv/330501"
"10 razones para odiarte";"1";"04";"Don’t Give a Damn About My Bad Reputation";"online";"http://www.seriesyonkis.com/go/mv/332850"
"10 razones para odiarte";"1";"04";"Don’t Give a Damn About My Bad Reputation";"online";"http://www.seriesyonkis.com/go/mv/335754"
"10 razones para odiarte";"1";"04";"Don’t Give a Damn About My Bad Reputation";"online";"http://www.seriesyonkis.com/go/mv/111269"
"10 razones para odiarte";"1";"04";"Don’t Give a Damn About My Bad Reputation";"online";"http://www.seriesyonkis.com/go/mv/137310"
"10 razones para odiarte";"1";"04";"Don’t Give a Damn About My Bad Reputation";"online";"http://www.seriesyonkis.com/go/mv/112130"
"10 razones para odiarte";"1";"04";"Don’t Give a Damn About My Bad Reputation";"online";"http://www.seriesyonkis.com/go/mv/115822"
"10 razones para odiarte";"1";"04";"Don’t Give a Damn About My Bad Reputation";"online";"http://www.seriesyonkis.com/go/mv/124161"
"10 razones para odiarte";"1";"04";"Don’t Give a Damn About My Bad Reputation";"download";"http://www.seriesyonkis.com/go/d/330499"
"10 razones para odiarte";"1";"04";"Don’t Give a Damn About My Bad Reputation";"download";"http://www.seriesyonkis.com/go/d/352528"
"10 razones para odiarte";"1";"04";"Don’t Give a Damn About My Bad Reputation";"download";"http://www.seriesyonkis.com/go/d/332854"
"10 razones para odiarte";"1";"04";"Don’t Give a Damn About My Bad Reputation";"download";"http://www.seriesyonkis.com/go/d/335756"
"10 razones para odiarte";"1";"04";"Don’t Give a Damn About My Bad Reputation";"download";"http://www.seriesyonkis.com/go/d/111270"
"10 razones para odiarte";"1";"04";"Don’t Give a Damn About My Bad Reputation";"download";"http://www.seriesyonkis.com/go/d/137311"
"10 razones para odiarte";"1";"04";"Don’t Give a Damn About My Bad Reputation";"download";"http://www.seriesyonkis.com/go/d/115823"
"10 razones para odiarte";"1";"05";"Don't give up";"online";"http://www.seriesyonkis.com/go/mv/335144"
"10 razones para odiarte";"1";"05";"Don't give up";"online";"http://www.seriesyonkis.com/go/mv/335619"
"10 razones para odiarte";"1";"05";"Don't give up";"online";"http://www.seriesyonkis.com/go/mv/336528"
"10 razones para odiarte";"1";"05";"Don't give up";"online";"http://www.seriesyonkis.com/go/mv/115824"
"10 razones para odiarte";"1";"05";"Don't give up";"online";"http://www.seriesyonkis.com/go/mv/137312"
"10 razones para odiarte";"1";"05";"Don't give up";"download";"http://www.seriesyonkis.com/go/d/352529"
"10 razones para odiarte";"1";"05";"Don't give up";"download";"http://www.seriesyonkis.com/go/d/335620"
"10 razones para odiarte";"1";"05";"Don't give up";"download";"http://www.seriesyonkis.com/go/d/115825"
"10 razones para odiarte";"1";"05";"Don't give up";"download";"http://www.seriesyonkis.com/go/d/137313"
"10 razones para odiarte";"1";"05";"Don't give up";"download";"http://www.seriesyonkis.com/go/d/114263"
"10 razones para odiarte";"1";"06";"You can't always get what you want";"online";"http://www.seriesyonkis.com/go/mv/335448"
"10 razones para odiarte";"1";"06";"You can't always get what you want";"online";"http://www.seriesyonkis.com/go/mv/335748"
"10 razones para odiarte";"1";"06";"You can't always get what you want";"online";"http://www.seriesyonkis.com/go/mv/336531"
"10 razones para odiarte";"1";"06";"You can't always get what you want";"online";"http://www.seriesyonkis.com/go/mv/352531"
"10 razones para odiarte";"1";"06";"You can't always get what you want";"online";"http://www.seriesyonkis.com/go/mv/117905"
"10 razones para odiarte";"1";"06";"You can't always get what you want";"online";"http://www.seriesyonkis.com/go/mv/115826"
"10 razones para odiarte";"1";"06";"You can't always get what you want";"online";"http://www.seriesyonkis.com/go/mv/137314"
"10 razones para odiarte";"1";"06";"You can't always get what you want";"download";"http://www.seriesyonkis.com/go/d/352530"
"10 razones para odiarte";"1";"06";"You can't always get what you want";"download";"http://www.seriesyonkis.com/go/d/335750"
"10 razones para odiarte";"1";"06";"You can't always get what you want";"download";"http://www.seriesyonkis.com/go/d/117906"
"10 razones para odiarte";"1";"06";"You can't always get what you want";"download";"http://www.seriesyonkis.com/go/d/115827"
"10 razones para odiarte";"1";"06";"You can't always get what you want";"download";"http://www.seriesyonkis.com/go/d/137315"
"10 razones para odiarte";"1";"07";"Light My Fire  ";"online";"http://www.seriesyonkis.com/go/mv/339354"
"10 razones para odiarte";"1";"07";"Light My Fire  ";"online";"http://www.seriesyonkis.com/go/mv/339823"
"10 razones para odiarte";"1";"07";"Light My Fire  ";"online";"http://www.seriesyonkis.com/go/mv/115828"
"10 razones para odiarte";"1";"07";"Light My Fire  ";"online";"http://www.seriesyonkis.com/go/mv/137316"
"10 razones para odiarte";"1";"07";"Light My Fire  ";"download";"http://www.seriesyonkis.com/go/d/353518"
"10 razones para odiarte";"1";"07";"Light My Fire  ";"download";"http://www.seriesyonkis.com/go/d/339826"
"10 razones para odiarte";"1";"07";"Light My Fire  ";"download";"http://www.seriesyonkis.com/go/d/115829"
"10 razones para odiarte";"1";"07";"Light My Fire  ";"download";"http://www.seriesyonkis.com/go/d/137317"
"10 razones para odiarte";"1";"08";"Dance Little Sister  ";"online";"http://www.seriesyonkis.com/go/mv/339362"
"10 razones para odiarte";"1";"08";"Dance Little Sister  ";"online";"http://www.seriesyonkis.com/go/mv/115830"
"10 razones para odiarte";"1";"08";"Dance Little Sister  ";"online";"http://www.seriesyonkis.com/go/mv/137318"
"10 razones para odiarte";"1";"08";"Dance Little Sister  ";"download";"http://www.seriesyonkis.com/go/d/354301"
"10 razones para odiarte";"1";"08";"Dance Little Sister  ";"download";"http://www.seriesyonkis.com/go/d/339363"
"10 razones para odiarte";"1";"08";"Dance Little Sister  ";"download";"http://www.seriesyonkis.com/go/d/339831"
"10 razones para odiarte";"1";"08";"Dance Little Sister  ";"download";"http://www.seriesyonkis.com/go/d/115831"
"10 razones para odiarte";"1";"08";"Dance Little Sister  ";"download";"http://www.seriesyonkis.com/go/d/137319"
"10 razones para odiarte";"1";"09";"Fight for your right";"online";"http://www.seriesyonkis.com/go/mv/342356"
"10 razones para odiarte";"1";"09";"Fight for your right";"online";"http://www.seriesyonkis.com/go/mv/354303"
"10 razones para odiarte";"1";"09";"Fight for your right";"online";"http://www.seriesyonkis.com/go/mv/343214"
"10 razones para odiarte";"1";"09";"Fight for your right";"online";"http://www.seriesyonkis.com/go/mv/117874"
"10 razones para odiarte";"1";"09";"Fight for your right";"online";"http://www.seriesyonkis.com/go/mv/140051"
"10 razones para odiarte";"1";"09";"Fight for your right";"online";"http://www.seriesyonkis.com/go/mv/120228"
"10 razones para odiarte";"1";"09";"Fight for your right";"download";"http://www.seriesyonkis.com/go/d/354302"
"10 razones para odiarte";"1";"09";"Fight for your right";"download";"http://www.seriesyonkis.com/go/d/343215"
"10 razones para odiarte";"1";"10";"Don't leave me this way";"online";"http://www.seriesyonkis.com/go/mv/342355"
"10 razones para odiarte";"1";"10";"Don't leave me this way";"online";"http://www.seriesyonkis.com/go/mv/353520"
"10 razones para odiarte";"1";"10";"Don't leave me this way";"online";"http://www.seriesyonkis.com/go/mv/343216"
"10 razones para odiarte";"1";"10";"Don't leave me this way";"online";"http://www.seriesyonkis.com/go/mv/119875"
"10 razones para odiarte";"1";"10";"Don't leave me this way";"online";"http://www.seriesyonkis.com/go/mv/120229"
"10 razones para odiarte";"1";"10";"Don't leave me this way";"online";"http://www.seriesyonkis.com/go/mv/137320"
"10 razones para odiarte";"1";"10";"Don't leave me this way";"download";"http://www.seriesyonkis.com/go/d/353519"
"10 razones para odiarte";"1";"10";"Don't leave me this way";"download";"http://www.seriesyonkis.com/go/d/343219"
"10 razones para odiarte";"1";"10";"Don't leave me this way";"download";"http://www.seriesyonkis.com/go/d/119876"
"10 razones para odiarte";"1";"10";"Don't leave me this way";"download";"http://www.seriesyonkis.com/go/d/120230"
"10 razones para odiarte";"1";"10";"Don't leave me this way";"download";"http://www.seriesyonkis.com/go/d/137321"
"10 razones para odiarte";"1";"11";"Repercusiones";"online";"http://www.seriesyonkis.com/go/mv/425568"
"10 razones para odiarte";"1";"11";"Repercusiones";"online";"http://www.seriesyonkis.com/go/mv/428245"
"10 razones para odiarte";"1";"11";"Repercusiones";"online";"http://www.seriesyonkis.com/go/mv/181079"
"10 razones para odiarte";"1";"11";"Repercusiones";"online";"http://www.seriesyonkis.com/go/mv/181081"
"10 razones para odiarte";"1";"11";"Repercusiones";"online";"http://www.seriesyonkis.com/go/mv/195582"
"10 razones para odiarte";"1";"11";"Repercusiones";"download";"http://www.seriesyonkis.com/go/d/418477"
"10 razones para odiarte";"1";"11";"Repercusiones";"download";"http://www.seriesyonkis.com/go/d/418103"
"10 razones para odiarte";"1";"11";"Repercusiones";"download";"http://www.seriesyonkis.com/go/d/181080"
"10 razones para odiarte";"1";"11";"Repercusiones";"download";"http://www.seriesyonkis.com/go/d/195583"
"10 razones para odiarte";"1";"12";"Don't trust me";"online";"http://www.seriesyonkis.com/go/mv/428246"
"10 razones para odiarte";"1";"12";"Don't trust me";"online";"http://www.seriesyonkis.com/go/mv/185432"
"10 razones para odiarte";"1";"12";"Don't trust me";"online";"http://www.seriesyonkis.com/go/mv/186433"
"10 razones para odiarte";"1";"12";"Don't trust me";"download";"http://www.seriesyonkis.com/go/d/418478"
"10 razones para odiarte";"1";"12";"Don't trust me";"download";"http://www.seriesyonkis.com/go/d/418106"
"10 razones para odiarte";"1";"12";"Don't trust me";"download";"http://www.seriesyonkis.com/go/d/185433"
"10 razones para odiarte";"1";"12";"Don't trust me";"download";"http://www.seriesyonkis.com/go/d/186434"
"10 razones para odiarte";"1";"13";"Great Expectations";"online";"http://www.seriesyonkis.com/go/mv/449548"
"10 razones para odiarte";"1";"13";"Great Expectations";"online";"http://www.seriesyonkis.com/go/mv/188191"
"10 razones para odiarte";"1";"13";"Great Expectations";"download";"http://www.seriesyonkis.com/go/d/428139"
"10 razones para odiarte";"1";"13";"Great Expectations";"download";"http://www.seriesyonkis.com/go/d/449549"
"10 razones para odiarte";"1";"13";"Great Expectations";"download";"http://www.seriesyonkis.com/go/d/432988"
"10 razones para odiarte";"1";"13";"Great Expectations";"download";"http://www.seriesyonkis.com/go/d/188192"
"10 razones para odiarte";"1";"14";"Meat is Murder";"online";"http://www.seriesyonkis.com/go/mv/432977"
"10 razones para odiarte";"1";"14";"Meat is Murder";"online";"http://www.seriesyonkis.com/go/mv/527743"
"10 razones para odiarte";"1";"14";"Meat is Murder";"online";"http://www.seriesyonkis.com/go/mv/196955"
"10 razones para odiarte";"1";"14";"Meat is Murder";"online";"http://www.seriesyonkis.com/go/mv/196957"
"10 razones para odiarte";"1";"14";"Meat is Murder";"online";"http://www.seriesyonkis.com/go/mv/197563"
"10 razones para odiarte";"1";"14";"Meat is Murder";"download";"http://www.seriesyonkis.com/go/d/428244"
"10 razones para odiarte";"1";"14";"Meat is Murder";"download";"http://www.seriesyonkis.com/go/d/527742"
"10 razones para odiarte";"1";"14";"Meat is Murder";"download";"http://www.seriesyonkis.com/go/d/432980"
"10 razones para odiarte";"1";"14";"Meat is Murder";"download";"http://www.seriesyonkis.com/go/d/196956"
"10 razones para odiarte";"1";"14";"Meat is Murder";"download";"http://www.seriesyonkis.com/go/d/197564"
"10 razones para odiarte";"1";"15";"The Winner Takes It All";"online";"http://www.seriesyonkis.com/go/mv/434449"
"10 razones para odiarte";"1";"15";"The Winner Takes It All";"online";"http://www.seriesyonkis.com/go/mv/196952"
"10 razones para odiarte";"1";"15";"The Winner Takes It All";"online";"http://www.seriesyonkis.com/go/mv/196954"
"10 razones para odiarte";"1";"15";"The Winner Takes It All";"online";"http://www.seriesyonkis.com/go/mv/197567"
"10 razones para odiarte";"1";"15";"The Winner Takes It All";"download";"http://www.seriesyonkis.com/go/d/434079"
"10 razones para odiarte";"1";"15";"The Winner Takes It All";"download";"http://www.seriesyonkis.com/go/d/451915"
"10 razones para odiarte";"1";"15";"The Winner Takes It All";"download";"http://www.seriesyonkis.com/go/d/196953"
"10 razones para odiarte";"1";"15";"The Winner Takes It All";"download";"http://www.seriesyonkis.com/go/d/197568"
"10 razones para odiarte";"1";"16";"Too Much Information";"online";"http://www.seriesyonkis.com/go/mv/434119"
"10 razones para odiarte";"1";"16";"Too Much Information";"online";"http://www.seriesyonkis.com/go/mv/199104"
"10 razones para odiarte";"1";"16";"Too Much Information";"online";"http://www.seriesyonkis.com/go/mv/199106"
"10 razones para odiarte";"1";"16";"Too Much Information";"online";"http://www.seriesyonkis.com/go/mv/200395"
"10 razones para odiarte";"1";"16";"Too Much Information";"online";"http://www.seriesyonkis.com/go/mv/199081"
"10 razones para odiarte";"1";"16";"Too Much Information";"online";"http://www.seriesyonkis.com/go/mv/199083"
"10 razones para odiarte";"1";"16";"Too Much Information";"download";"http://www.seriesyonkis.com/go/d/434080"
"10 razones para odiarte";"1";"16";"Too Much Information";"download";"http://www.seriesyonkis.com/go/d/452833"
"10 razones para odiarte";"1";"16";"Too Much Information";"download";"http://www.seriesyonkis.com/go/d/199082"
"10 razones para odiarte";"1";"16";"Too Much Information";"download";"http://www.seriesyonkis.com/go/d/199105"
"10 razones para odiarte";"1";"16";"Too Much Information";"download";"http://www.seriesyonkis.com/go/d/200396"
"10 razones para odiarte";"1";"17";"Just One Kiss";"online";"http://www.seriesyonkis.com/go/mv/449571"
"10 razones para odiarte";"1";"17";"Just One Kiss";"online";"http://www.seriesyonkis.com/go/mv/204044"
"10 razones para odiarte";"1";"17";"Just One Kiss";"online";"http://www.seriesyonkis.com/go/mv/204046"
"10 razones para odiarte";"1";"17";"Just One Kiss";"online";"http://www.seriesyonkis.com/go/mv/204056"
"10 razones para odiarte";"1";"17";"Just One Kiss";"online";"http://www.seriesyonkis.com/go/mv/204058"
"10 razones para odiarte";"1";"17";"Just One Kiss";"online";"http://www.seriesyonkis.com/go/mv/205600"
"10 razones para odiarte";"1";"17";"Just One Kiss";"download";"http://www.seriesyonkis.com/go/d/449572"
"10 razones para odiarte";"1";"17";"Just One Kiss";"download";"http://www.seriesyonkis.com/go/d/452838"
"10 razones para odiarte";"1";"17";"Just One Kiss";"download";"http://www.seriesyonkis.com/go/d/204045"
"10 razones para odiarte";"1";"17";"Just One Kiss";"download";"http://www.seriesyonkis.com/go/d/204057"
"10 razones para odiarte";"1";"17";"Just One Kiss";"download";"http://www.seriesyonkis.com/go/d/205601"
"10 razones para odiarte";"1";"18";"Changes";"online";"http://www.seriesyonkis.com/go/mv/449651"
"10 razones para odiarte";"1";"18";"Changes";"online";"http://www.seriesyonkis.com/go/mv/208655"
"10 razones para odiarte";"1";"18";"Changes";"online";"http://www.seriesyonkis.com/go/mv/208669"
"10 razones para odiarte";"1";"18";"Changes";"online";"http://www.seriesyonkis.com/go/mv/210762"
"10 razones para odiarte";"1";"18";"Changes";"download";"http://www.seriesyonkis.com/go/d/449578"
"10 razones para odiarte";"1";"18";"Changes";"download";"http://www.seriesyonkis.com/go/d/452859"
"10 razones para odiarte";"1";"18";"Changes";"download";"http://www.seriesyonkis.com/go/d/208656"
"10 razones para odiarte";"1";"18";"Changes";"download";"http://www.seriesyonkis.com/go/d/208671"
"10 razones para odiarte";"1";"18";"Changes";"download";"http://www.seriesyonkis.com/go/d/210763"
"10 razones para odiarte";"1";"19";"Ain’t No Mountain High Enough";"online";"http://www.seriesyonkis.com/go/mv/449574"
"10 razones para odiarte";"1";"19";"Ain’t No Mountain High Enough";"online";"http://www.seriesyonkis.com/go/mv/217141"
"10 razones para odiarte";"1";"19";"Ain’t No Mountain High Enough";"online";"http://www.seriesyonkis.com/go/mv/217443"
"10 razones para odiarte";"1";"19";"Ain’t No Mountain High Enough";"online";"http://www.seriesyonkis.com/go/mv/220290"
"10 razones para odiarte";"1";"19";"Ain’t No Mountain High Enough";"online";"http://www.seriesyonkis.com/go/mv/263802"
"10 razones para odiarte";"1";"19";"Ain’t No Mountain High Enough";"download";"http://www.seriesyonkis.com/go/d/449575"
"10 razones para odiarte";"1";"19";"Ain’t No Mountain High Enough";"download";"http://www.seriesyonkis.com/go/d/469211"
"10 razones para odiarte";"1";"19";"Ain’t No Mountain High Enough";"download";"http://www.seriesyonkis.com/go/d/263801"
"10 razones para odiarte";"1";"20";"Revolution (FINAL TEMPORADA)";"online";"http://www.seriesyonkis.com/go/mv/449848"
"10 razones para odiarte";"1";"20";"Revolution (FINAL TEMPORADA)";"online";"http://www.seriesyonkis.com/go/mv/214593"
"10 razones para odiarte";"1";"20";"Revolution (FINAL TEMPORADA)";"online";"http://www.seriesyonkis.com/go/mv/214841"
"10 razones para odiarte";"1";"20";"Revolution (FINAL TEMPORADA)";"online";"http://www.seriesyonkis.com/go/mv/214850"
"10 razones para odiarte";"1";"20";"Revolution (FINAL TEMPORADA)";"online";"http://www.seriesyonkis.com/go/mv/217444"
"10 razones para odiarte";"1";"20";"Revolution (FINAL TEMPORADA)";"download";"http://www.seriesyonkis.com/go/d/449577"
"10 razones para odiarte";"1";"20";"Revolution (FINAL TEMPORADA)";"download";"http://www.seriesyonkis.com/go/d/469213"
"10 razones para odiarte";"1";"20";"Revolution (FINAL TEMPORADA)";"download";"http://www.seriesyonkis.com/go/d/214594"
"10 razones para odiarte";"1";"20";"Revolution (FINAL TEMPORADA)";"download";"http://www.seriesyonkis.com/go/d/214844"
"10 razones para odiarte";"1";"20";"Revolution (FINAL TEMPORADA)";"download";"http://www.seriesyonkis.com/go/d/214851"
"1000 Maneras de morir";"1";;"Piloto 1";"online";"http://www.seriesyonkis.com/go/mv/339932"
"1000 Maneras de morir";"1";;"Piloto 1";"download";"http://www.seriesyonkis.com/go/d/339933"
"1000 Maneras de morir";"1";;"Piloto 2";"online";"http://www.seriesyonkis.com/go/mv/339935"
"1000 Maneras de morir";"1";;"Piloto 2";"download";"http://www.seriesyonkis.com/go/d/339936"
"1000 Maneras de morir";"1";;"Piloto 2";"download";"http://www.seriesyonkis.com/go/d/339938"
"11 de Septiembre, la historia";"1";"01";"La cuenta atrás del terror";"online";"http://www.seriesyonkis.com/go/mv/286931"
"11 de Septiembre, la historia";"1";"01";"La cuenta atrás del terror";"online";"http://www.seriesyonkis.com/go/mv/492854"
"11 de Septiembre, la historia";"1";"01";"La cuenta atrás del terror";"download";"http://www.seriesyonkis.com/go/d/492853"
"11 de Septiembre, la historia";"1";"02";"La hora cero";"online";"http://www.seriesyonkis.com/go/mv/286933"
"11 de Septiembre, la historia";"1";"02";"La hora cero";"online";"http://www.seriesyonkis.com/go/mv/492856"
"11 de Septiembre, la historia";"1";"02";"La hora cero";"download";"http://www.seriesyonkis.com/go/d/492855"
"11 de Septiembre, la historia";"1";"03";"El juego final";"online";"http://www.seriesyonkis.com/go/mv/286935"
"11 de Septiembre, la historia";"1";"03";"El juego final";"online";"http://www.seriesyonkis.com/go/mv/492858"
"11 de Septiembre, la historia";"1";"03";"El juego final";"download";"http://www.seriesyonkis.com/go/d/492857"
"'Allo 'Allo!";"4";"01";"Prisioneros de guerra";"online";"http://www.seriesyonkis.com/go/mv/61650"
"'Allo 'Allo!";"4";"01";"Prisioneros de guerra";"online";"http://www.seriesyonkis.com/go/mv/490525"
"'Allo 'Allo!";"4";"01";"Prisioneros de guerra";"download";"http://www.seriesyonkis.com/go/d/91724"
"'Allo 'Allo!";"4";"01";"Prisioneros de guerra";"download";"http://www.seriesyonkis.com/go/d/490523"
"'Allo 'Allo!";"4";"01";"Prisioneros de guerra";"download";"http://www.seriesyonkis.com/go/d/497267"
"'Allo 'Allo!";"4";"02";"El baile del campo";"online";"http://www.seriesyonkis.com/go/mv/176398"
"'Allo 'Allo!";"4";"02";"El baile del campo";"online";"http://www.seriesyonkis.com/go/mv/490529"
"'Allo 'Allo!";"4";"02";"El baile del campo";"download";"http://www.seriesyonkis.com/go/d/176399"
"'Allo 'Allo!";"4";"02";"El baile del campo";"download";"http://www.seriesyonkis.com/go/d/490527"
"'Allo 'Allo!";"4";"02";"El baile del campo";"download";"http://www.seriesyonkis.com/go/d/497319"
"'Allo 'Allo!";"4";"03";"Un buen Personal";"online";"http://www.seriesyonkis.com/go/mv/61651"
"'Allo 'Allo!";"4";"03";"Un buen Personal";"online";"http://www.seriesyonkis.com/go/mv/490533"
"'Allo 'Allo!";"4";"03";"Un buen Personal";"download";"http://www.seriesyonkis.com/go/d/91725"
"'Allo 'Allo!";"4";"03";"Un buen Personal";"download";"http://www.seriesyonkis.com/go/d/490531"
"'Allo 'Allo!";"4";"03";"Un buen Personal";"download";"http://www.seriesyonkis.com/go/d/497320"
"'Allo 'Allo!";"4";"04";"La monja voladora";"online";"http://www.seriesyonkis.com/go/mv/176400"
"'Allo 'Allo!";"4";"04";"La monja voladora";"online";"http://www.seriesyonkis.com/go/mv/490537"
"'Allo 'Allo!";"4";"04";"La monja voladora";"download";"http://www.seriesyonkis.com/go/d/176401"
"'Allo 'Allo!";"4";"04";"La monja voladora";"download";"http://www.seriesyonkis.com/go/d/490535"
"'Allo 'Allo!";"4";"04";"La monja voladora";"download";"http://www.seriesyonkis.com/go/d/497321"
"'Allo 'Allo!";"4";"05";"Salchichas en los pantalones";"download";"http://www.seriesyonkis.com/go/d/497322"
"'Allo 'Allo!";"4";"05";"Salchichas en los pantalones";"download";"http://www.seriesyonkis.com/go/d/188597"
"'Allo 'Allo!";"4";"06";"La suegra propulsada a Reaccion";"online";"http://www.seriesyonkis.com/go/mv/176402"
"'Allo 'Allo!";"4";"06";"La suegra propulsada a Reaccion";"online";"http://www.seriesyonkis.com/go/mv/490541"
"'Allo 'Allo!";"4";"06";"La suegra propulsada a Reaccion";"download";"http://www.seriesyonkis.com/go/d/176403"
"'Allo 'Allo!";"4";"06";"La suegra propulsada a Reaccion";"download";"http://www.seriesyonkis.com/go/d/490539"
"'Allo 'Allo!";"4";"06";"La suegra propulsada a Reaccion";"download";"http://www.seriesyonkis.com/go/d/497323"
"1000 Maneras de morir";"2";"01";"Errores";"online";"http://www.seriesyonkis.com/go/mv/453905"
"1000 Maneras de morir";"2";"01";"Errores";"online";"http://www.seriesyonkis.com/go/mv/339940"
"1000 Maneras de morir";"2";"01";"Errores";"download";"http://www.seriesyonkis.com/go/d/453904"
"1000 Maneras de morir";"2";"01";"Errores";"download";"http://www.seriesyonkis.com/go/d/339941"
"1000 Maneras de morir";"2";"01";"Errores";"download";"http://www.seriesyonkis.com/go/d/339943"
"1000 Maneras de morir";"2";"02";"Muerte a medio coser";"online";"http://www.seriesyonkis.com/go/mv/346354"
"1000 Maneras de morir";"2";"02";"Muerte a medio coser";"online";"http://www.seriesyonkis.com/go/mv/339948"
"1000 Maneras de morir";"2";"02";"Muerte a medio coser";"download";"http://www.seriesyonkis.com/go/d/346356"
"1000 Maneras de morir";"2";"02";"Muerte a medio coser";"download";"http://www.seriesyonkis.com/go/d/339950"
"1000 Maneras de morir";"2";"03";"La muerte y el muerto";"online";"http://www.seriesyonkis.com/go/mv/453903"
"1000 Maneras de morir";"2";"03";"La muerte y el muerto";"online";"http://www.seriesyonkis.com/go/mv/339951"
"1000 Maneras de morir";"2";"03";"La muerte y el muerto";"download";"http://www.seriesyonkis.com/go/d/453902"
"1000 Maneras de morir";"2";"03";"La muerte y el muerto";"download";"http://www.seriesyonkis.com/go/d/339953"
"1000 Maneras de morir";"2";"03";"La muerte y el muerto";"download";"http://www.seriesyonkis.com/go/d/339955"
"1000 Maneras de morir";"2";"04";"Muerte ocupada";"online";"http://www.seriesyonkis.com/go/mv/453901"
"1000 Maneras de morir";"2";"04";"Muerte ocupada";"online";"http://www.seriesyonkis.com/go/mv/339956"
"1000 Maneras de morir";"2";"04";"Muerte ocupada";"download";"http://www.seriesyonkis.com/go/d/453900"
"1000 Maneras de morir";"2";"04";"Muerte ocupada";"download";"http://www.seriesyonkis.com/go/d/339957"
"1000 Maneras de morir";"2";"05";"El lado ligero de la muerte	";"online";"http://www.seriesyonkis.com/go/mv/352698"
"1000 Maneras de morir";"2";"05";"El lado ligero de la muerte	";"online";"http://www.seriesyonkis.com/go/mv/339967"
"1000 Maneras de morir";"2";"05";"El lado ligero de la muerte	";"download";"http://www.seriesyonkis.com/go/d/352699"
"1000 Maneras de morir";"2";"05";"El lado ligero de la muerte	";"download";"http://www.seriesyonkis.com/go/d/339968"
"1000 Maneras de morir";"2";"05";"El lado ligero de la muerte	";"download";"http://www.seriesyonkis.com/go/d/339972"
"1000 Maneras de morir";"2";"06";"El bueno, el malo y el muerto";"online";"http://www.seriesyonkis.com/go/mv/453899"
"1000 Maneras de morir";"2";"06";"El bueno, el malo y el muerto";"online";"http://www.seriesyonkis.com/go/mv/339964"
"1000 Maneras de morir";"2";"06";"El bueno, el malo y el muerto";"download";"http://www.seriesyonkis.com/go/d/453898"
"1000 Maneras de morir";"2";"06";"El bueno, el malo y el muerto";"download";"http://www.seriesyonkis.com/go/d/339965"
"1000 Maneras de morir";"2";"07";"Muerte estúpida";"online";"http://www.seriesyonkis.com/go/mv/343206"
"1000 Maneras de morir";"2";"07";"Muerte estúpida";"online";"http://www.seriesyonkis.com/go/mv/354279"
"1000 Maneras de morir";"2";"07";"Muerte estúpida";"online";"http://www.seriesyonkis.com/go/mv/339959"
"1000 Maneras de morir";"2";"07";"Muerte estúpida";"download";"http://www.seriesyonkis.com/go/d/354281"
"1000 Maneras de morir";"2";"07";"Muerte estúpida";"download";"http://www.seriesyonkis.com/go/d/339960"
"1000 Maneras de morir";"2";"07";"Muerte estúpida";"download";"http://www.seriesyonkis.com/go/d/339962"
"1000 Maneras de morir";"2";"08";"La cura a la muerte común";"online";"http://www.seriesyonkis.com/go/mv/453897"
"1000 Maneras de morir";"2";"08";"La cura a la muerte común";"online";"http://www.seriesyonkis.com/go/mv/339974"
"1000 Maneras de morir";"2";"08";"La cura a la muerte común";"download";"http://www.seriesyonkis.com/go/d/453896"
"1000 Maneras de morir";"2";"08";"La cura a la muerte común";"download";"http://www.seriesyonkis.com/go/d/339976"
"1000 Maneras de morir";"2";"08";"La cura a la muerte común";"download";"http://www.seriesyonkis.com/go/d/339979"
"1000 Maneras de morir";"2";"09";"Manual de usuario";"online";"http://www.seriesyonkis.com/go/mv/361474"
"1000 Maneras de morir";"2";"09";"Manual de usuario";"online";"http://www.seriesyonkis.com/go/mv/339980"
"1000 Maneras de morir";"2";"09";"Manual de usuario";"download";"http://www.seriesyonkis.com/go/d/361475"
"1000 Maneras de morir";"2";"09";"Manual de usuario";"download";"http://www.seriesyonkis.com/go/d/339981"
"1000 Maneras de morir";"2";"09";"Manual de usuario";"download";"http://www.seriesyonkis.com/go/d/339984"
"1000 Maneras de morir";"2";"10";"Veo gente muerta (y me están desmoronando)";"online";"http://www.seriesyonkis.com/go/mv/361476"
"1000 Maneras de morir";"2";"10";"Veo gente muerta (y me están desmoronando)";"download";"http://www.seriesyonkis.com/go/d/361477"
"112. Héroes en la calle";"1";"01";"Capitulo 01";"online";"http://www.seriesyonkis.com/go/mv/51270"
"112. Héroes en la calle";"1";"02";"Capitulo 02";"online";"http://www.seriesyonkis.com/go/mv/51271"
"112. Héroes en la calle";"1";"03";"Capitulo 03";"online";"http://www.seriesyonkis.com/go/mv/51272"
"112. Héroes en la calle";"1";"04";"Capitulo 04";"online";"http://www.seriesyonkis.com/go/mv/51273"
"112. Héroes en la calle";"1";"05";"Capitulo 05";"online";"http://www.seriesyonkis.com/go/mv/51274"
"112. Héroes en la calle";"1";"06";"Capitulo 06";"online";"http://www.seriesyonkis.com/go/mv/51275"
"112. Héroes en la calle";"1";"07";"Capitulo 07";"online";"http://www.seriesyonkis.com/go/mv/51276"
"112. Héroes en la calle";"1";"08";"Capitulo 08";"online";"http://www.seriesyonkis.com/go/mv/51277"
"112. Héroes en la calle";"1";"09";"Capitulo 09";"online";"http://www.seriesyonkis.com/go/mv/51278"
"'Allo 'Allo!";"5";"01";"Acciones desesperadas en la mazmorra";"online";"http://www.seriesyonkis.com/go/mv/176404"
"'Allo 'Allo!";"5";"01";"Acciones desesperadas en la mazmorra";"online";"http://www.seriesyonkis.com/go/mv/490419"
"'Allo 'Allo!";"5";"01";"Acciones desesperadas en la mazmorra";"download";"http://www.seriesyonkis.com/go/d/176405"
"'Allo 'Allo!";"5";"01";"Acciones desesperadas en la mazmorra";"download";"http://www.seriesyonkis.com/go/d/490418"
"'Allo 'Allo!";"5";"01";"Acciones desesperadas en la mazmorra";"download";"http://www.seriesyonkis.com/go/d/497272"
"'Allo 'Allo!";"5";"02";"La camara en la patata";"online";"http://www.seriesyonkis.com/go/mv/176406"
"'Allo 'Allo!";"5";"02";"La camara en la patata";"online";"http://www.seriesyonkis.com/go/mv/490421"
"'Allo 'Allo!";"5";"02";"La camara en la patata";"download";"http://www.seriesyonkis.com/go/d/176407"
"'Allo 'Allo!";"5";"02";"La camara en la patata";"download";"http://www.seriesyonkis.com/go/d/490420"
"'Allo 'Allo!";"5";"02";"La camara en la patata";"download";"http://www.seriesyonkis.com/go/d/497324"
"'Allo 'Allo!";"5";"03";"Cena con el general";"online";"http://www.seriesyonkis.com/go/mv/176408"
"'Allo 'Allo!";"5";"03";"Cena con el general";"online";"http://www.seriesyonkis.com/go/mv/490424"
"'Allo 'Allo!";"5";"03";"Cena con el general";"download";"http://www.seriesyonkis.com/go/d/176409"
"'Allo 'Allo!";"5";"03";"Cena con el general";"download";"http://www.seriesyonkis.com/go/d/490422"
"'Allo 'Allo!";"5";"03";"Cena con el general";"download";"http://www.seriesyonkis.com/go/d/497325"
"'Allo 'Allo!";"5";"04";"La temible sierra circular";"download";"http://www.seriesyonkis.com/go/d/497326"
"'Allo 'Allo!";"5";"04";"La temible sierra circular";"download";"http://www.seriesyonkis.com/go/d/188598"
"'Allo 'Allo!";"5";"05";"Acuerdo prenupcial";"download";"http://www.seriesyonkis.com/go/d/497327"
"'Allo 'Allo!";"5";"05";"Acuerdo prenupcial";"download";"http://www.seriesyonkis.com/go/d/188599"
"'Allo 'Allo!";"5";"06";"Proyectos de Boda";"download";"http://www.seriesyonkis.com/go/d/497328"
"'Allo 'Allo!";"5";"06";"Proyectos de Boda";"download";"http://www.seriesyonkis.com/go/d/188600"
"'Allo 'Allo!";"5";"07";"Depresion postmatrimonial";"download";"http://www.seriesyonkis.com/go/d/497329"
"'Allo 'Allo!";"5";"07";"Depresion postmatrimonial";"download";"http://www.seriesyonkis.com/go/d/188601"
"'Allo 'Allo!";"5";"08";"El pato de larga distancia";"download";"http://www.seriesyonkis.com/go/d/497330"
"'Allo 'Allo!";"5";"08";"El pato de larga distancia";"download";"http://www.seriesyonkis.com/go/d/188602"
"'Allo 'Allo!";"5";"09";"La conferencia de los Generales";"download";"http://www.seriesyonkis.com/go/d/497331"
"'Allo 'Allo!";"5";"09";"La conferencia de los Generales";"download";"http://www.seriesyonkis.com/go/d/188603"
"'Allo 'Allo!";"5";"10";"El amor secreto de Michelle";"download";"http://www.seriesyonkis.com/go/d/497332"
"'Allo 'Allo!";"5";"10";"El amor secreto de Michelle";"download";"http://www.seriesyonkis.com/go/d/188604"
"'Allo 'Allo!";"5";"11";"La invasion britanica";"download";"http://www.seriesyonkis.com/go/d/497333"
"'Allo 'Allo!";"5";"11";"La invasion britanica";"download";"http://www.seriesyonkis.com/go/d/188605"
"'Allo 'Allo!";"5";"12";"Desfile de Cochecitos de niño";"download";"http://www.seriesyonkis.com/go/d/497334"
"'Allo 'Allo!";"5";"12";"Desfile de Cochecitos de niño";"download";"http://www.seriesyonkis.com/go/d/188606"
"'Allo 'Allo!";"5";"13";"El Trabajo Bancario";"download";"http://www.seriesyonkis.com/go/d/497335"
"'Allo 'Allo!";"5";"13";"El Trabajo Bancario";"download";"http://www.seriesyonkis.com/go/d/188607"
"12 años sin piedad";"1";"01";"Capitulo 01";"online";"http://www.seriesyonkis.com/go/mv/286907"
"12 años sin piedad";"1";"01";"Capitulo 01";"download";"http://www.seriesyonkis.com/go/d/286908"
"12 años sin piedad";"1";"02";"Capitulo 02";"online";"http://www.seriesyonkis.com/go/mv/286911"
"12 años sin piedad";"1";"02";"Capitulo 02";"download";"http://www.seriesyonkis.com/go/d/286912"
"12 años sin piedad";"1";"03";"Capitulo 03";"online";"http://www.seriesyonkis.com/go/mv/286915"
"12 años sin piedad";"1";"03";"Capitulo 03";"download";"http://www.seriesyonkis.com/go/d/286916"
"12 años sin piedad";"1";"04";"Capitulo 04";"online";"http://www.seriesyonkis.com/go/mv/286919"
"12 años sin piedad";"1";"04";"Capitulo 04";"download";"http://www.seriesyonkis.com/go/d/286920"
"12 años sin piedad";"1";"05";"Capitulo 05";"online";"http://www.seriesyonkis.com/go/mv/286923"
"12 años sin piedad";"1";"05";"Capitulo 05";"download";"http://www.seriesyonkis.com/go/d/286924"
"12 años sin piedad";"1";"06";"Capitulo 06";"online";"http://www.seriesyonkis.com/go/mv/286927"
"12 años sin piedad";"1";"06";"Capitulo 06";"download";"http://www.seriesyonkis.com/go/d/286928"
"1000 Maneras de morir";"3";"01";"La llegada de la muerte";"online";"http://www.seriesyonkis.com/go/mv/424414"
"1000 Maneras de morir";"3";"01";"La llegada de la muerte";"online";"http://www.seriesyonkis.com/go/mv/503956"
"1000 Maneras de morir";"3";"01";"La llegada de la muerte";"download";"http://www.seriesyonkis.com/go/d/427953"
"1000 Maneras de morir";"3";"02";"Death bites";"download";"http://www.seriesyonkis.com/go/d/418187"
"1000 Maneras de morir";"3";"02";"Death bites";"download";"http://www.seriesyonkis.com/go/d/490633"
"1000 Maneras de morir";"3";"03";"Up With Death";"online";"http://www.seriesyonkis.com/go/mv/490637"
"1000 Maneras de morir";"3";"03";"Up With Death";"download";"http://www.seriesyonkis.com/go/d/424429"
"1000 Maneras de morir";"3";"03";"Up With Death";"download";"http://www.seriesyonkis.com/go/d/490635"
"1000 Maneras de morir";"3";"04";"Sonriendo a la muerte";"online";"http://www.seriesyonkis.com/go/mv/427955"
"1000 Maneras de morir";"3";"04";"Sonriendo a la muerte";"download";"http://www.seriesyonkis.com/go/d/427956"
"1000 Maneras de morir";"3";"05";"Llevados a la muerte";"online";"http://www.seriesyonkis.com/go/mv/427957"
"1000 Maneras de morir";"3";"05";"Llevados a la muerte";"download";"http://www.seriesyonkis.com/go/d/427958"
"1000 Maneras de morir";"3";"06";"Muerto agradecido";"online";"http://www.seriesyonkis.com/go/mv/445489"
"1000 Maneras de morir";"3";"06";"Muerto agradecido";"download";"http://www.seriesyonkis.com/go/d/445490"
"1000 Maneras de morir";"3";"07";"Vamos, muérete";"online";"http://www.seriesyonkis.com/go/mv/445492"
"1000 Maneras de morir";"3";"07";"Vamos, muérete";"download";"http://www.seriesyonkis.com/go/d/445493"
"1000 Maneras de morir";"3";"08";"Los vigilantes de la muerte";"online";"http://www.seriesyonkis.com/go/mv/480917"
"1000 Maneras de morir";"3";"08";"Los vigilantes de la muerte";"download";"http://www.seriesyonkis.com/go/d/480918"
"1000 Maneras de morir";"3";"09";"Capitulo 09";"online";"http://www.seriesyonkis.com/go/mv/490639"
"1000 Maneras de morir";"3";"09";"Capitulo 09";"online";"http://www.seriesyonkis.com/go/mv/491388"
"1000 Maneras de morir";"3";"09";"Capitulo 09";"download";"http://www.seriesyonkis.com/go/d/490638"
"1000 Maneras de morir";"3";"09";"Capitulo 09";"download";"http://www.seriesyonkis.com/go/d/491390"
"1000 Maneras de morir";"3";"10";"Capitulo 10";"online";"http://www.seriesyonkis.com/go/mv/490641"
"1000 Maneras de morir";"3";"10";"Capitulo 10";"download";"http://www.seriesyonkis.com/go/d/490640"
"1000 Maneras de morir";"3";"11";"Capitulo 11";"online";"http://www.seriesyonkis.com/go/mv/532717"
"1000 Maneras de morir";"3";"11";"Capitulo 11";"download";"http://www.seriesyonkis.com/go/d/532718"
"1000 Maneras de morir";"3";"12";"Capitulo 12";"online";"http://www.seriesyonkis.com/go/mv/547690"
"1000 Maneras de morir";"3";"12";"Capitulo 12";"download";"http://www.seriesyonkis.com/go/d/547691"
"'Allo 'Allo!";"6";"01";"Acciones desesperadas en el cementerio";"online";"http://www.seriesyonkis.com/go/mv/188608"
"'Allo 'Allo!";"6";"01";"Acciones desesperadas en el cementerio";"online";"http://www.seriesyonkis.com/go/mv/497274"
"'Allo 'Allo!";"6";"01";"Acciones desesperadas en el cementerio";"download";"http://www.seriesyonkis.com/go/d/188609"
"'Allo 'Allo!";"6";"01";"Acciones desesperadas en el cementerio";"download";"http://www.seriesyonkis.com/go/d/497273"
"'Allo 'Allo!";"6";"02";"La gestapo da el salto";"online";"http://www.seriesyonkis.com/go/mv/188610"
"'Allo 'Allo!";"6";"02";"La gestapo da el salto";"online";"http://www.seriesyonkis.com/go/mv/497337"
"'Allo 'Allo!";"6";"02";"La gestapo da el salto";"download";"http://www.seriesyonkis.com/go/d/188611"
"'Allo 'Allo!";"6";"02";"La gestapo da el salto";"download";"http://www.seriesyonkis.com/go/d/497336"
"'Allo 'Allo!";"6";"03";"Las remeras de Nouvion";"online";"http://www.seriesyonkis.com/go/mv/188612"
"'Allo 'Allo!";"6";"03";"Las remeras de Nouvion";"online";"http://www.seriesyonkis.com/go/mv/497341"
"'Allo 'Allo!";"6";"03";"Las remeras de Nouvion";"download";"http://www.seriesyonkis.com/go/d/188613"
"'Allo 'Allo!";"6";"03";"Las remeras de Nouvion";"download";"http://www.seriesyonkis.com/go/d/497340"
"'Allo 'Allo!";"6";"04";"El secuestro de los aviadores";"online";"http://www.seriesyonkis.com/go/mv/188614"
"'Allo 'Allo!";"6";"04";"El secuestro de los aviadores";"online";"http://www.seriesyonkis.com/go/mv/497345"
"'Allo 'Allo!";"6";"04";"El secuestro de los aviadores";"download";"http://www.seriesyonkis.com/go/d/188615"
"'Allo 'Allo!";"6";"04";"El secuestro de los aviadores";"download";"http://www.seriesyonkis.com/go/d/497344"
"'Allo 'Allo!";"6";"05";"El rescate de los aviadores";"online";"http://www.seriesyonkis.com/go/mv/188616"
"'Allo 'Allo!";"6";"05";"El rescate de los aviadores";"online";"http://www.seriesyonkis.com/go/mv/497349"
"'Allo 'Allo!";"6";"05";"El rescate de los aviadores";"download";"http://www.seriesyonkis.com/go/d/188617"
"'Allo 'Allo!";"6";"05";"El rescate de los aviadores";"download";"http://www.seriesyonkis.com/go/d/497348"
"'Allo 'Allo!";"6";"06";"El marchante de los bajos fondos";"online";"http://www.seriesyonkis.com/go/mv/188618"
"'Allo 'Allo!";"6";"06";"El marchante de los bajos fondos";"online";"http://www.seriesyonkis.com/go/mv/497353"
"'Allo 'Allo!";"6";"06";"El marchante de los bajos fondos";"download";"http://www.seriesyonkis.com/go/d/188619"
"'Allo 'Allo!";"6";"06";"El marchante de los bajos fondos";"download";"http://www.seriesyonkis.com/go/d/497352"
"'Allo 'Allo!";"6";"07";"La paloma mensajera";"online";"http://www.seriesyonkis.com/go/mv/188620"
"'Allo 'Allo!";"6";"07";"La paloma mensajera";"online";"http://www.seriesyonkis.com/go/mv/497357"
"'Allo 'Allo!";"6";"07";"La paloma mensajera";"download";"http://www.seriesyonkis.com/go/d/188621"
"'Allo 'Allo!";"6";"07";"La paloma mensajera";"download";"http://www.seriesyonkis.com/go/d/497356"
"'Allo 'Allo!";"6";"08";"A la altura de las circunstancias";"online";"http://www.seriesyonkis.com/go/mv/188622"
"'Allo 'Allo!";"6";"08";"A la altura de las circunstancias";"online";"http://www.seriesyonkis.com/go/mv/497361"
"'Allo 'Allo!";"6";"08";"A la altura de las circunstancias";"download";"http://www.seriesyonkis.com/go/d/188623"
"'Allo 'Allo!";"6";"08";"A la altura de las circunstancias";"download";"http://www.seriesyonkis.com/go/d/497360"
"13 Miedos";"1";"01";"Intercambio";"online";"http://www.seriesyonkis.com/go/mv/65711"
"13 Miedos";"1";"01";"Intercambio";"online";"http://www.seriesyonkis.com/go/mv/77475"
"13 Miedos";"1";"01";"Intercambio";"online";"http://www.seriesyonkis.com/go/mv/171200"
"13 Miedos";"1";"01";"Intercambio";"online";"http://www.seriesyonkis.com/go/mv/306741"
"13 Miedos";"1";"01";"Intercambio";"online";"http://www.seriesyonkis.com/go/mv/339065"
"13 Miedos";"1";"01";"Intercambio";"online";"http://www.seriesyonkis.com/go/mv/43843"
"13 Miedos";"1";"01";"Intercambio";"download";"http://www.seriesyonkis.com/go/d/93912"
"13 Miedos";"1";"01";"Intercambio";"download";"http://www.seriesyonkis.com/go/d/101428"
"13 Miedos";"1";"01";"Intercambio";"download";"http://www.seriesyonkis.com/go/d/171201"
"13 Miedos";"1";"01";"Intercambio";"download";"http://www.seriesyonkis.com/go/d/306742"
"13 Miedos";"1";"01";"Intercambio";"download";"http://www.seriesyonkis.com/go/d/306744"
"13 Miedos";"1";"01";"Intercambio";"download";"http://www.seriesyonkis.com/go/d/339064"
"13 Miedos";"1";"02";"Motel";"online";"http://www.seriesyonkis.com/go/mv/65712"
"13 Miedos";"1";"02";"Motel";"online";"http://www.seriesyonkis.com/go/mv/77476"
"13 Miedos";"1";"02";"Motel";"online";"http://www.seriesyonkis.com/go/mv/171202"
"13 Miedos";"1";"02";"Motel";"online";"http://www.seriesyonkis.com/go/mv/306746"
"13 Miedos";"1";"02";"Motel";"online";"http://www.seriesyonkis.com/go/mv/339070"
"13 Miedos";"1";"02";"Motel";"online";"http://www.seriesyonkis.com/go/mv/43844"
"13 Miedos";"1";"02";"Motel";"download";"http://www.seriesyonkis.com/go/d/93913"
"13 Miedos";"1";"02";"Motel";"download";"http://www.seriesyonkis.com/go/d/101429"
"13 Miedos";"1";"02";"Motel";"download";"http://www.seriesyonkis.com/go/d/171203"
"13 Miedos";"1";"02";"Motel";"download";"http://www.seriesyonkis.com/go/d/306748"
"13 Miedos";"1";"02";"Motel";"download";"http://www.seriesyonkis.com/go/d/339069"
"13 Miedos";"1";"03";"Esquela";"online";"http://www.seriesyonkis.com/go/mv/65713"
"13 Miedos";"1";"03";"Esquela";"online";"http://www.seriesyonkis.com/go/mv/77477"
"13 Miedos";"1";"03";"Esquela";"online";"http://www.seriesyonkis.com/go/mv/171204"
"13 Miedos";"1";"03";"Esquela";"online";"http://www.seriesyonkis.com/go/mv/306751"
"13 Miedos";"1";"03";"Esquela";"online";"http://www.seriesyonkis.com/go/mv/339080"
"13 Miedos";"1";"03";"Esquela";"online";"http://www.seriesyonkis.com/go/mv/43845"
"13 Miedos";"1";"03";"Esquela";"download";"http://www.seriesyonkis.com/go/d/93914"
"13 Miedos";"1";"03";"Esquela";"download";"http://www.seriesyonkis.com/go/d/101430"
"13 Miedos";"1";"03";"Esquela";"download";"http://www.seriesyonkis.com/go/d/171205"
"13 Miedos";"1";"03";"Esquela";"download";"http://www.seriesyonkis.com/go/d/306753"
"13 Miedos";"1";"03";"Esquela";"download";"http://www.seriesyonkis.com/go/d/339073"
"13 Miedos";"1";"04";"Claustrofobia";"online";"http://www.seriesyonkis.com/go/mv/65714"
"13 Miedos";"1";"04";"Claustrofobia";"online";"http://www.seriesyonkis.com/go/mv/77478"
"13 Miedos";"1";"04";"Claustrofobia";"online";"http://www.seriesyonkis.com/go/mv/306756"
"13 Miedos";"1";"04";"Claustrofobia";"online";"http://www.seriesyonkis.com/go/mv/339083"
"13 Miedos";"1";"04";"Claustrofobia";"online";"http://www.seriesyonkis.com/go/mv/43846"
"13 Miedos";"1";"04";"Claustrofobia";"download";"http://www.seriesyonkis.com/go/d/93915"
"13 Miedos";"1";"04";"Claustrofobia";"download";"http://www.seriesyonkis.com/go/d/101431"
"13 Miedos";"1";"04";"Claustrofobia";"download";"http://www.seriesyonkis.com/go/d/306758"
"13 Miedos";"1";"04";"Claustrofobia";"download";"http://www.seriesyonkis.com/go/d/306762"
"13 Miedos";"1";"04";"Claustrofobia";"download";"http://www.seriesyonkis.com/go/d/339082"
"13 Miedos";"1";"05";"La bodega";"online";"http://www.seriesyonkis.com/go/mv/65715"
"13 Miedos";"1";"05";"La bodega";"online";"http://www.seriesyonkis.com/go/mv/171207"
"13 Miedos";"1";"05";"La bodega";"online";"http://www.seriesyonkis.com/go/mv/306765"
"13 Miedos";"1";"05";"La bodega";"online";"http://www.seriesyonkis.com/go/mv/339085"
"13 Miedos";"1";"05";"La bodega";"online";"http://www.seriesyonkis.com/go/mv/43847"
"13 Miedos";"1";"05";"La bodega";"download";"http://www.seriesyonkis.com/go/d/93916"
"13 Miedos";"1";"05";"La bodega";"download";"http://www.seriesyonkis.com/go/d/171208"
"13 Miedos";"1";"05";"La bodega";"download";"http://www.seriesyonkis.com/go/d/306767"
"13 Miedos";"1";"05";"La bodega";"download";"http://www.seriesyonkis.com/go/d/339084"
"13 Miedos";"1";"06";"Adoptado";"online";"http://www.seriesyonkis.com/go/mv/65716"
"13 Miedos";"1";"06";"Adoptado";"online";"http://www.seriesyonkis.com/go/mv/77479"
"13 Miedos";"1";"06";"Adoptado";"online";"http://www.seriesyonkis.com/go/mv/171209"
"13 Miedos";"1";"06";"Adoptado";"online";"http://www.seriesyonkis.com/go/mv/306771"
"13 Miedos";"1";"06";"Adoptado";"online";"http://www.seriesyonkis.com/go/mv/339103"
"13 Miedos";"1";"06";"Adoptado";"online";"http://www.seriesyonkis.com/go/mv/43848"
"13 Miedos";"1";"06";"Adoptado";"download";"http://www.seriesyonkis.com/go/d/93917"
"13 Miedos";"1";"06";"Adoptado";"download";"http://www.seriesyonkis.com/go/d/101432"
"13 Miedos";"1";"06";"Adoptado";"download";"http://www.seriesyonkis.com/go/d/171210"
"13 Miedos";"1";"06";"Adoptado";"download";"http://www.seriesyonkis.com/go/d/306774"
"13 Miedos";"1";"06";"Adoptado";"download";"http://www.seriesyonkis.com/go/d/339088"
"13 Miedos";"1";"07";"Nuevo comienzo";"online";"http://www.seriesyonkis.com/go/mv/65717"
"13 Miedos";"1";"07";"Nuevo comienzo";"online";"http://www.seriesyonkis.com/go/mv/77480"
"13 Miedos";"1";"07";"Nuevo comienzo";"online";"http://www.seriesyonkis.com/go/mv/171211"
"13 Miedos";"1";"07";"Nuevo comienzo";"online";"http://www.seriesyonkis.com/go/mv/306778"
"13 Miedos";"1";"07";"Nuevo comienzo";"online";"http://www.seriesyonkis.com/go/mv/339116"
"13 Miedos";"1";"07";"Nuevo comienzo";"online";"http://www.seriesyonkis.com/go/mv/43849"
"13 Miedos";"1";"07";"Nuevo comienzo";"download";"http://www.seriesyonkis.com/go/d/93918"
"13 Miedos";"1";"07";"Nuevo comienzo";"download";"http://www.seriesyonkis.com/go/d/101433"
"13 Miedos";"1";"07";"Nuevo comienzo";"download";"http://www.seriesyonkis.com/go/d/171212"
"13 Miedos";"1";"07";"Nuevo comienzo";"download";"http://www.seriesyonkis.com/go/d/306780"
"13 Miedos";"1";"07";"Nuevo comienzo";"download";"http://www.seriesyonkis.com/go/d/306783"
"13 Miedos";"1";"07";"Nuevo comienzo";"download";"http://www.seriesyonkis.com/go/d/339107"
"13 Miedos";"1";"08";"Ojo por ojo";"online";"http://www.seriesyonkis.com/go/mv/65718"
"13 Miedos";"1";"08";"Ojo por ojo";"online";"http://www.seriesyonkis.com/go/mv/77481"
"13 Miedos";"1";"08";"Ojo por ojo";"online";"http://www.seriesyonkis.com/go/mv/306787"
"13 Miedos";"1";"08";"Ojo por ojo";"online";"http://www.seriesyonkis.com/go/mv/339125"
"13 Miedos";"1";"08";"Ojo por ojo";"online";"http://www.seriesyonkis.com/go/mv/43850"
"13 Miedos";"1";"08";"Ojo por ojo";"download";"http://www.seriesyonkis.com/go/d/93919"
"13 Miedos";"1";"08";"Ojo por ojo";"download";"http://www.seriesyonkis.com/go/d/101434"
"13 Miedos";"1";"08";"Ojo por ojo";"download";"http://www.seriesyonkis.com/go/d/171213"
"13 Miedos";"1";"08";"Ojo por ojo";"download";"http://www.seriesyonkis.com/go/d/306789"
"13 Miedos";"1";"08";"Ojo por ojo";"download";"http://www.seriesyonkis.com/go/d/339119"
"13 Miedos";"1";"09";"Vive";"online";"http://www.seriesyonkis.com/go/mv/65719"
"13 Miedos";"1";"09";"Vive";"online";"http://www.seriesyonkis.com/go/mv/77482"
"13 Miedos";"1";"09";"Vive";"online";"http://www.seriesyonkis.com/go/mv/171214"
"13 Miedos";"1";"09";"Vive";"online";"http://www.seriesyonkis.com/go/mv/306792"
"13 Miedos";"1";"09";"Vive";"online";"http://www.seriesyonkis.com/go/mv/339130"
"13 Miedos";"1";"09";"Vive";"online";"http://www.seriesyonkis.com/go/mv/43851"
"13 Miedos";"1";"09";"Vive";"download";"http://www.seriesyonkis.com/go/d/93920"
"13 Miedos";"1";"09";"Vive";"download";"http://www.seriesyonkis.com/go/d/101435"
"13 Miedos";"1";"09";"Vive";"download";"http://www.seriesyonkis.com/go/d/171215"
"13 Miedos";"1";"09";"Vive";"download";"http://www.seriesyonkis.com/go/d/306807"
"13 Miedos";"1";"09";"Vive";"download";"http://www.seriesyonkis.com/go/d/339127"
"13 Miedos";"1";"10";"Embalsamante";"online";"http://www.seriesyonkis.com/go/mv/65720"
"13 Miedos";"1";"10";"Embalsamante";"online";"http://www.seriesyonkis.com/go/mv/77483"
"13 Miedos";"1";"10";"Embalsamante";"online";"http://www.seriesyonkis.com/go/mv/171216"
"13 Miedos";"1";"10";"Embalsamante";"online";"http://www.seriesyonkis.com/go/mv/306811"
"13 Miedos";"1";"10";"Embalsamante";"online";"http://www.seriesyonkis.com/go/mv/339135"
"13 Miedos";"1";"10";"Embalsamante";"download";"http://www.seriesyonkis.com/go/d/93921"
"13 Miedos";"1";"10";"Embalsamante";"download";"http://www.seriesyonkis.com/go/d/101436"
"13 Miedos";"1";"10";"Embalsamante";"download";"http://www.seriesyonkis.com/go/d/171217"
"13 Miedos";"1";"10";"Embalsamante";"download";"http://www.seriesyonkis.com/go/d/306813"
"13 Miedos";"1";"10";"Embalsamante";"download";"http://www.seriesyonkis.com/go/d/339132"
"13 Miedos";"1";"11";"Se solicita ayudante";"online";"http://www.seriesyonkis.com/go/mv/65721"
"13 Miedos";"1";"11";"Se solicita ayudante";"online";"http://www.seriesyonkis.com/go/mv/77484"
"13 Miedos";"1";"11";"Se solicita ayudante";"online";"http://www.seriesyonkis.com/go/mv/171218"
"13 Miedos";"1";"11";"Se solicita ayudante";"online";"http://www.seriesyonkis.com/go/mv/306816"
"13 Miedos";"1";"11";"Se solicita ayudante";"online";"http://www.seriesyonkis.com/go/mv/339139"
"13 Miedos";"1";"11";"Se solicita ayudante";"download";"http://www.seriesyonkis.com/go/d/93922"
"13 Miedos";"1";"11";"Se solicita ayudante";"download";"http://www.seriesyonkis.com/go/d/101437"
"13 Miedos";"1";"11";"Se solicita ayudante";"download";"http://www.seriesyonkis.com/go/d/171219"
"13 Miedos";"1";"11";"Se solicita ayudante";"download";"http://www.seriesyonkis.com/go/d/306820"
"13 Miedos";"1";"11";"Se solicita ayudante";"download";"http://www.seriesyonkis.com/go/d/306825"
"13 Miedos";"1";"11";"Se solicita ayudante";"download";"http://www.seriesyonkis.com/go/d/339137"
"13 Miedos";"1";"12";"Escuela";"online";"http://www.seriesyonkis.com/go/mv/65722"
"13 Miedos";"1";"12";"Escuela";"online";"http://www.seriesyonkis.com/go/mv/77485"
"13 Miedos";"1";"12";"Escuela";"online";"http://www.seriesyonkis.com/go/mv/171220"
"13 Miedos";"1";"12";"Escuela";"online";"http://www.seriesyonkis.com/go/mv/306830"
"13 Miedos";"1";"12";"Escuela";"online";"http://www.seriesyonkis.com/go/mv/339142"
"13 Miedos";"1";"12";"Escuela";"download";"http://www.seriesyonkis.com/go/d/93923"
"13 Miedos";"1";"12";"Escuela";"download";"http://www.seriesyonkis.com/go/d/101438"
"13 Miedos";"1";"12";"Escuela";"download";"http://www.seriesyonkis.com/go/d/171221"
"13 Miedos";"1";"12";"Escuela";"download";"http://www.seriesyonkis.com/go/d/306833"
"13 Miedos";"1";"12";"Escuela";"download";"http://www.seriesyonkis.com/go/d/306841"
"13 Miedos";"1";"12";"Escuela";"download";"http://www.seriesyonkis.com/go/d/339141"
"13 Miedos";"1";"13";"La feria";"online";"http://www.seriesyonkis.com/go/mv/65723"
"13 Miedos";"1";"13";"La feria";"online";"http://www.seriesyonkis.com/go/mv/77486"
"13 Miedos";"1";"13";"La feria";"online";"http://www.seriesyonkis.com/go/mv/171222"
"13 Miedos";"1";"13";"La feria";"online";"http://www.seriesyonkis.com/go/mv/306847"
"13 Miedos";"1";"13";"La feria";"online";"http://www.seriesyonkis.com/go/mv/339147"
"13 Miedos";"1";"13";"La feria";"download";"http://www.seriesyonkis.com/go/d/93924"
"13 Miedos";"1";"13";"La feria";"download";"http://www.seriesyonkis.com/go/d/101439"
"13 Miedos";"1";"13";"La feria";"download";"http://www.seriesyonkis.com/go/d/171223"
"13 Miedos";"1";"13";"La feria";"download";"http://www.seriesyonkis.com/go/d/306849"
"13 Miedos";"1";"13";"La feria";"download";"http://www.seriesyonkis.com/go/d/306855"
