"Malcolm In The Middle";"Primera temporada";"Capitulo Especial";"http://www.megavideo.com/?s=seriesyonkis&v=RDA1ORFS&confirmed=1"
"Malcolm In The Middle";"Primera temporada";"Piloto";"http://www.megavideo.com/?s=seriesyonkis&v=EDJUPOJ0&confirmed=1"
"Malcolm In The Middle";"Primera temporada";"Piloto";"http://www.megavideo.com/?s=seriesyonkis&v=CKQ8X564&confirmed=1"
"Malcolm In The Middle";"Primera temporada";"Piloto";"http://www.megavideo.com/?s=seriesyonkis&v=G5EHET4U&confirmed=1"
"Malcolm In The Middle";"Primera temporada";"Piloto";"http://www.megavideo.com/?s=seriesyonkis&v=IWZFFYT2&confirmed=1"
"Malcolm In The Middle";"Primera temporada";"El vestido rojo";"http://www.megavideo.com/?s=seriesyonkis&v=PW9C2CTV&confirmed=1"
"Malcolm In The Middle";"Primera temporada";"El vestido rojo";"http://www.megavideo.com/?s=seriesyonkis&v=29745DWU&confirmed=1"
"Malcolm In The Middle";"Primera temporada";"El vestido rojo";"http://www.megavideo.com/?s=seriesyonkis&v=G8VQI7CP&confirmed=1"
"Malcolm In The Middle";"Primera temporada";"El vestido rojo";"http://www.megavideo.com/?s=seriesyonkis&v=2JPGXV8X&confirmed=1"
"Malcolm In The Middle";"Primera temporada";"Solos en casa";"http://www.megavideo.com/?s=seriesyonkis&v=M04X1FXN&confirmed=1"
"Malcolm In The Middle";"Primera temporada";"Solos en casa";"http://www.megavideo.com/?s=seriesyonkis&v=KF6O3KGL&confirmed=1"
"Malcolm In The Middle";"Primera temporada";"Solos en casa";"http://www.megavideo.com/?s=seriesyonkis&v=IXSYXAPA&confirmed=1"
"Malcolm In The Middle";"Primera temporada";"Solos en casa";"http://www.megavideo.com/?s=seriesyonkis&v=0HOFJ7TX&confirmed=1"
"Malcolm In The Middle";"Primera temporada";"Verguenza";"http://www.megavideo.com/?s=seriesyonkis&v=MVDKJVRP&confirmed=1"
"Malcolm In The Middle";"Primera temporada";"Verguenza";"http://www.megavideo.com/?s=seriesyonkis&v=I8V8Y9CL&confirmed=1"
"Malcolm In The Middle";"Primera temporada";"Verguenza";"http://www.megavideo.com/?s=seriesyonkis&v=MWOYMJ93&confirmed=1"
"Malcolm In The Middle";"Primera temporada";"Verguenza";"http://www.megavideo.com/?s=seriesyonkis&v=7YFU8R7P&confirmed=1"
"Malcolm In The Middle";"Primera temporada";"Malcolm cuida niños";"http://www.megavideo.com/?s=seriesyonkis&v=3RITEJ5T&confirmed=1"
"Malcolm In The Middle";"Primera temporada";"Malcolm cuida niños";"http://www.megavideo.com/?s=seriesyonkis&v=QF8ZJP4S&confirmed=1"
"Malcolm In The Middle";"Primera temporada";"Malcolm cuida niños";"http://www.megavideo.com/?s=seriesyonkis&v=07HMEGM7&confirmed=1"
"Malcolm In The Middle";"Primera temporada";"Malcolm cuida niños";"http://www.megavideo.com/?s=seriesyonkis&v=WVIZTSKR&confirmed=1"
"Malcolm In The Middle";"Primera temporada";"Pijamada";"http://www.megavideo.com/?s=seriesyonkis&v=NP16TPIX&confirmed=1"
"Malcolm In The Middle";"Primera temporada";"Pijamada";"http://www.megavideo.com/?s=seriesyonkis&v=PZK40Y1M&confirmed=1"
"Malcolm In The Middle";"Primera temporada";"Pijamada";"http://www.megavideo.com/?s=seriesyonkis&v=WYI1DDM5&confirmed=1"
"Malcolm In The Middle";"Primera temporada";"Pijamada";"http://www.megavideo.com/?s=seriesyonkis&v=KSIANPDJ&confirmed=1"
"Malcolm In The Middle";"Primera temporada";"Francis escapa";"http://www.megavideo.com/?s=seriesyonkis&v=ZZEF3IRU&confirmed=1"
"Malcolm In The Middle";"Primera temporada";"Francis escapa";"http://www.megavideo.com/?s=seriesyonkis&v=5VRZ7IQ0&confirmed=1"
"Malcolm In The Middle";"Primera temporada";"Francis escapa";"http://www.megavideo.com/?s=seriesyonkis&v=XYT3I81F&confirmed=1"
"Malcolm In The Middle";"Primera temporada";"Francis escapa";"http://www.megavideo.com/?s=seriesyonkis&v=46ITUKDR&confirmed=1"
"Malcolm In The Middle";"Primera temporada";"Francis escapa";"http://www.megavideo.com/?s=seriesyonkis&v=2QGULL6G&confirmed=1"
"Malcolm In The Middle";"Primera temporada";"Circo krellboy";"http://www.megavideo.com/?s=seriesyonkis&v=2MJ7OKKH&confirmed=1"
"Malcolm In The Middle";"Primera temporada";"Circo krellboy";"http://www.megavideo.com/?s=seriesyonkis&v=WWFE7FF5&confirmed=1"
"Malcolm In The Middle";"Primera temporada";"Circo krellboy";"http://www.megavideo.com/?s=seriesyonkis&v=6XF3KUEG&confirmed=1"
"Malcolm In The Middle";"Primera temporada";"Circo krellboy";"http://www.megavideo.com/?s=seriesyonkis&v=AI1CQ880&confirmed=1"
"Malcolm In The Middle";"Primera temporada";"Lois contra el mal";"http://www.megavideo.com/?s=seriesyonkis&v=44Z2ER8S&confirmed=1"
"Malcolm In The Middle";"Primera temporada";"Lois contra el mal";"http://www.megavideo.com/?s=seriesyonkis&v=06D5E53N&confirmed=1"
"Malcolm In The Middle";"Primera temporada";"Lois contra el mal";"http://www.megavideo.com/?s=seriesyonkis&v=W3AI0DEH&confirmed=1"
"Malcolm In The Middle";"Primera temporada";"Lois contra el mal";"http://www.megavideo.com/?s=seriesyonkis&v=9UGB23QW&confirmed=1"
"Malcolm In The Middle";"Primera temporada";"Carreras de autos";"http://www.megavideo.com/?s=seriesyonkis&v=CNJJFA51&confirmed=1"
"Malcolm In The Middle";"Primera temporada";"Carreras de autos";"http://www.megavideo.com/?s=seriesyonkis&v=8N5LJBZ6&confirmed=1"
"Malcolm In The Middle";"Primera temporada";"Carreras de autos";"http://www.megavideo.com/?s=seriesyonkis&v=28WQRJKW&confirmed=1"
"Malcolm In The Middle";"Primera temporada";"Carreras de autos";"http://www.megavideo.com/?s=seriesyonkis&v=E1APUQPO&confirmed=1"
"Malcolm In The Middle";"Primera temporada";"El funeral";"http://www.megavideo.com/?s=seriesyonkis&v=Q0DX9ST1&confirmed=1"
"Malcolm In The Middle";"Primera temporada";"El funeral";"http://www.megavideo.com/?s=seriesyonkis&v=3IAOVL2F&confirmed=1"
"Malcolm In The Middle";"Primera temporada";"El funeral";"http://www.megavideo.com/?s=seriesyonkis&v=VVKILFNQ&confirmed=1"
"Malcolm In The Middle";"Primera temporada";"El animador";"http://www.megavideo.com/?s=seriesyonkis&v=ZHNVKMOF&confirmed=1"
"Malcolm In The Middle";"Primera temporada";"El animador";"http://www.megavideo.com/?s=seriesyonkis&v=A1AV9XYU&confirmed=1"
"Malcolm In The Middle";"Primera temporada";"El animador";"http://www.megavideo.com/?s=seriesyonkis&v=LJ6CFKD1&confirmed=1"
"Malcolm In The Middle";"Primera temporada";"El animador";"http://www.megavideo.com/?s=seriesyonkis&v=4V7MX4PU&confirmed=1"
"Malcolm In The Middle";"Primera temporada";"Patinando";"http://www.megavideo.com/?s=seriesyonkis&v=R0J6SW4O&confirmed=1"
"Malcolm In The Middle";"Primera temporada";"Patinando";"http://www.megavideo.com/?s=seriesyonkis&v=K5OBYSD1&confirmed=1"
"Malcolm In The Middle";"Primera temporada";"Patinando";"http://www.megavideo.com/?s=seriesyonkis&v=050GBBWX&confirmed=1"
"Malcolm In The Middle";"Primera temporada";"Los robots y las abejas";"http://www.megavideo.com/?s=seriesyonkis&v=XCF28ASM&confirmed=1"
"Malcolm In The Middle";"Primera temporada";"Los robots y las abejas";"http://www.megavideo.com/?s=seriesyonkis&v=K7D2BMCP&confirmed=1"
"Malcolm In The Middle";"Primera temporada";"Los robots y las abejas";"http://www.megavideo.com/?s=seriesyonkis&v=AX959166&confirmed=1"
"Malcolm In The Middle";"Primera temporada";"Domingo lunes";"http://www.megavideo.com/?s=seriesyonkis&v=EA526P4N&confirmed=1"
"Malcolm In The Middle";"Primera temporada";"Domingo lunes";"http://www.megavideo.com/?s=seriesyonkis&v=25QPQADI&confirmed=1"
"Malcolm In The Middle";"Primera temporada";"Domingo lunes";"http://www.megavideo.com/?s=seriesyonkis&v=R7NPBMM8&confirmed=1"
"Malcolm In The Middle";"Primera temporada";"Parque acuatico";"http://www.megavideo.com/?s=seriesyonkis&v=ICQ8Q7BA&confirmed=1"
"Malcolm In The Middle";"Primera temporada";"Parque acuatico";"http://www.megavideo.com/?s=seriesyonkis&v=7CO1TM9C&confirmed=1"
"Malcolm In The Middle";"Primera temporada";"Parque acuatico";"http://www.megavideo.com/?s=seriesyonkis&v=8Y7TEF74&confirmed=1"
"Malcolm In The Middle";"Primera temporada";"Parque acuatico";"http://www.megavideo.com/?s=seriesyonkis&v=7LNUZWM9&confirmed=1"
"Malcolm In The Middle";"Primera temporada";"Parque acuatico";"http://www.megavideo.com/?s=seriesyonkis&v=MDZ4RE8R&confirmed=1"
"Malcolm In The Middle";"Segunda temporada";"Capitulo Especial";"http://www.megavideo.com/?s=seriesyonkis&v=4XXGI3AB&confirmed=1"
"Malcolm In The Middle";"Segunda temporada";"El embotellamiento";"http://www.megavideo.com/?s=seriesyonkis&v=9X748MMP&confirmed=1"
"Malcolm In The Middle";"Segunda temporada";"El embotellamiento";"http://www.megavideo.com/?s=seriesyonkis&v=CZU4HZK3&confirmed=1"
"Malcolm In The Middle";"Segunda temporada";"El embotellamiento";"http://www.megavideo.com/?s=seriesyonkis&v=FOV4ALUS&confirmed=1"
"Malcolm In The Middle";"Segunda temporada";"Halloween atrasado";"http://www.megavideo.com/?s=seriesyonkis&v=XC0D6KRK&confirmed=1"
"Malcolm In The Middle";"Segunda temporada";"Halloween atrasado";"http://www.megavideo.com/?s=seriesyonkis&v=8Z869KSF&confirmed=1"
"Malcolm In The Middle";"Segunda temporada";"Halloween atrasado";"http://www.megavideo.com/?s=seriesyonkis&v=GHB7PZZT&confirmed=1"
"Malcolm In The Middle";"Segunda temporada";"Halloween atrasado";"http://www.megavideo.com/?s=seriesyonkis&v=J7T4N44A&confirmed=1"
"Malcolm In The Middle";"Segunda temporada";"El cumpleaños de lois";"http://www.megavideo.com/?s=seriesyonkis&v=XN71T3NA&confirmed=1"
"Malcolm In The Middle";"Segunda temporada";"El cumpleaños de lois";"http://www.megavideo.com/?s=seriesyonkis&v=G9TY0BB0&confirmed=1"
"Malcolm In The Middle";"Segunda temporada";"El cumpleaños de lois";"http://www.megavideo.com/?s=seriesyonkis&v=RCA6MOB8&confirmed=1"
"Malcolm In The Middle";"Segunda temporada";"La cena";"http://www.megavideo.com/?s=seriesyonkis&v=KDXSDE5E&confirmed=1"
"Malcolm In The Middle";"Segunda temporada";"La cena";"http://www.megavideo.com/?s=seriesyonkis&v=7VA5TF1D&confirmed=1"
"Malcolm In The Middle";"Segunda temporada";"La cena";"http://www.megavideo.com/?s=seriesyonkis&v=F3WY9PO2&confirmed=1"
"Malcolm In The Middle";"Segunda temporada";"Casino";"http://www.megavideo.com/?s=seriesyonkis&v=XNJ7SK3M&confirmed=1"
"Malcolm In The Middle";"Segunda temporada";"Casino";"http://www.megavideo.com/?s=seriesyonkis&v=JI1YN792&confirmed=1"
"Malcolm In The Middle";"Segunda temporada";"Casino";"http://www.megavideo.com/?s=seriesyonkis&v=0ON878LX&confirmed=1"
"Malcolm In The Middle";"Segunda temporada";"Casino";"http://www.megavideo.com/?s=seriesyonkis&v=QA4VHL18&confirmed=1"
"Malcolm In The Middle";"Segunda temporada";"La convencion";"http://www.megavideo.com/?s=seriesyonkis&v=N1XMKC9C&confirmed=1"
"Malcolm In The Middle";"Segunda temporada";"La convencion";"http://www.megavideo.com/?s=seriesyonkis&v=V3QD6Q8P&confirmed=1"
"Malcolm In The Middle";"Segunda temporada";"La convencion";"http://www.megavideo.com/?s=seriesyonkis&v=YTCAWQV0&confirmed=1"
"Malcolm In The Middle";"Segunda temporada";"El robo";"http://www.megavideo.com/?s=seriesyonkis&v=K3QUTK9M&confirmed=1"
"Malcolm In The Middle";"Segunda temporada";"El robo";"http://www.megavideo.com/?s=seriesyonkis&v=WOTPHM6A&confirmed=1"
"Malcolm In The Middle";"Segunda temporada";"El robo";"http://www.megavideo.com/?s=seriesyonkis&v=IPMH3OWA&confirmed=1"
"Malcolm In The Middle";"Segunda temporada";"El robo";"http://www.megavideo.com/?s=seriesyonkis&v=MH37XK0S&confirmed=1"
"Malcolm In The Middle";"Segunda temporada";"Terapia";"http://www.megavideo.com/?s=seriesyonkis&v=AQUT9C29&confirmed=1"
"Malcolm In The Middle";"Segunda temporada";"Terapia";"http://www.megavideo.com/?s=seriesyonkis&v=HTNA26AQ&confirmed=1"
"Malcolm In The Middle";"Segunda temporada";"Terapia";"http://www.megavideo.com/?s=seriesyonkis&v=IW8E6A8Q&confirmed=1"
"Malcolm In The Middle";"Segunda temporada";"La Función del instituto";"http://www.megavideo.com/?s=seriesyonkis&v=BPAHB90C&confirmed=1"
"Malcolm In The Middle";"Segunda temporada";"La Función del instituto";"http://www.megavideo.com/?s=seriesyonkis&v=HMMURSX7&confirmed=1"
"Malcolm In The Middle";"Segunda temporada";"El Abusón";"http://www.megavideo.com/?s=seriesyonkis&v=VRJ5XRXS&confirmed=1"
"Malcolm In The Middle";"Segunda temporada";"El Abusón";"http://www.megavideo.com/?s=seriesyonkis&v=9S78IAPZ&confirmed=1"
"Malcolm In The Middle";"Segunda temporada";"El Abusón";"http://www.megavideo.com/?s=seriesyonkis&v=23G91ZIM&confirmed=1"
"Malcolm In The Middle";"Segunda temporada";"La Vieja Señora Vieja";"http://www.megavideo.com/?s=seriesyonkis&v=RHNHV620&confirmed=1"
"Malcolm In The Middle";"Segunda temporada";"La Vieja Señora Vieja";"http://www.megavideo.com/?s=seriesyonkis&v=WXQ96DYM&confirmed=1"
"Malcolm In The Middle";"Segunda temporada";"La Vieja Señora Vieja";"http://www.megavideo.com/?s=seriesyonkis&v=IV7IXCM3&confirmed=1"
"Malcolm In The Middle";"Segunda temporada";"La chica kreelboy";"http://www.megavideo.com/?s=seriesyonkis&v=FJGLIP8Q&confirmed=1"
"Malcolm In The Middle";"Segunda temporada";"La chica kreelboy";"http://www.megavideo.com/?s=seriesyonkis&v=Q8E51Q1F&confirmed=1"
"Malcolm In The Middle";"Segunda temporada";"La chica kreelboy";"http://www.megavideo.com/?s=seriesyonkis&v=WJ38CNFZ&confirmed=1"
"Malcolm In The Middle";"Segunda temporada";"La chica kreelboy";"http://www.megavideo.com/?s=seriesyonkis&v=S5C7C67E&confirmed=1"
"Malcolm In The Middle";"Segunda temporada";"Los nuevos vecinos";"http://www.megavideo.com/?s=seriesyonkis&v=IUEQQQY3&confirmed=1"
"Malcolm In The Middle";"Segunda temporada";"Los nuevos vecinos";"http://www.megavideo.com/?s=seriesyonkis&v=J3CQOPBY&confirmed=1"
"Malcolm In The Middle";"Segunda temporada";"Los nuevos vecinos";"http://www.megavideo.com/?s=seriesyonkis&v=6D6FAY44&confirmed=1"
"Malcolm In The Middle";"Segunda temporada";"Los nuevos vecinos";"http://www.megavideo.com/?s=seriesyonkis&v=YHAUR1US&confirmed=1"
"Malcolm In The Middle";"Segunda temporada";"Hal renuncia";"http://www.megavideo.com/?s=seriesyonkis&v=9QG458ZY&confirmed=1"
"Malcolm In The Middle";"Segunda temporada";"Hal renuncia";"http://www.megavideo.com/?s=seriesyonkis&v=1UNQMFGQ&confirmed=1"
"Malcolm In The Middle";"Segunda temporada";"Hal renuncia";"http://www.megavideo.com/?s=seriesyonkis&v=MYL49Z0R&confirmed=1"
"Malcolm In The Middle";"Segunda temporada";"Hal renuncia";"http://www.megavideo.com/?s=seriesyonkis&v=LCTTG2ZN&confirmed=1"
"Malcolm In The Middle";"Segunda temporada";"Los abuelos";"http://www.megavideo.com/?s=seriesyonkis&v=18KNYUG6&confirmed=1"
"Malcolm In The Middle";"Segunda temporada";"Los abuelos";"http://www.megavideo.com/?s=seriesyonkis&v=U9HAD65R&confirmed=1"
"Malcolm In The Middle";"Segunda temporada";"Los abuelos";"http://www.megavideo.com/?s=seriesyonkis&v=4EZ1HC1K&confirmed=1"
"Malcolm In The Middle";"Segunda temporada";"Los abuelos";"http://www.megavideo.com/?s=seriesyonkis&v=FPHARV66&confirmed=1"
"Malcolm In The Middle";"Segunda temporada";"La Multa";"http://www.megavideo.com/?s=seriesyonkis&v=6N59GH16&confirmed=1"
"Malcolm In The Middle";"Segunda temporada";"La Multa";"http://www.megavideo.com/?s=seriesyonkis&v=OE07KHWX&confirmed=1"
"Malcolm In The Middle";"Segunda temporada";"La Multa";"http://www.megavideo.com/?s=seriesyonkis&v=9P6JLT42&confirmed=1"
"Malcolm In The Middle";"Segunda temporada";"La Multa";"http://www.megavideo.com/?s=seriesyonkis&v=FT8MPUIG&confirmed=1"
"Malcolm In The Middle";"Segunda temporada";"La Operación";"http://www.megavideo.com/?s=seriesyonkis&v=08J5OA67&confirmed=1"
"Malcolm In The Middle";"Segunda temporada";"La Operación";"http://www.megavideo.com/?s=seriesyonkis&v=3196Y289&confirmed=1"
"Malcolm In The Middle";"Segunda temporada";"La Operación";"http://www.megavideo.com/?s=seriesyonkis&v=GEAHZI3P&confirmed=1"
"Malcolm In The Middle";"Segunda temporada";"La Operación";"http://www.megavideo.com/?s=seriesyonkis&v=NDGPUBM4&confirmed=1"
"Malcolm In The Middle";"Segunda temporada";"Reese cocina";"http://www.megavideo.com/?s=seriesyonkis&v=5CRFNUUW&confirmed=1"
"Malcolm In The Middle";"Segunda temporada";"Reese cocina";"http://www.megavideo.com/?s=seriesyonkis&v=EMQ9JKPT&confirmed=1"
"Malcolm In The Middle";"Segunda temporada";"Reese cocina";"http://www.megavideo.com/?s=seriesyonkis&v=D82TIKPQ&confirmed=1"
"Malcolm In The Middle";"Segunda temporada";"Reese cocina";"http://www.megavideo.com/?s=seriesyonkis&v=W96RN99X&confirmed=1"
"Malcolm In The Middle";"Segunda temporada";"Reese cocina";"http://www.megavideo.com/?s=seriesyonkis&v=SS2DVWCU&confirmed=1"
"Malcolm In The Middle";"Segunda temporada";"Educando a reese";"http://www.megavideo.com/?s=seriesyonkis&v=IFKJF3DD&confirmed=1"
"Malcolm In The Middle";"Segunda temporada";"Educando a reese";"http://www.megavideo.com/?s=seriesyonkis&v=8LZY3ZRH&confirmed=1"
"Malcolm In The Middle";"Segunda temporada";"Educando a reese";"http://www.megavideo.com/?s=seriesyonkis&v=1EZGQI4K&confirmed=1"
"Malcolm In The Middle";"Segunda temporada";"Educando a reese";"http://www.megavideo.com/?s=seriesyonkis&v=TFOVS0S4&confirmed=1"
"Malcolm In The Middle";"Segunda temporada";"La Bolera";"http://www.megavideo.com/?s=seriesyonkis&v=0RLLUHTE&confirmed=1"
"Malcolm In The Middle";"Segunda temporada";"La Bolera";"http://www.megavideo.com/?s=seriesyonkis&v=B06Q9S3I&confirmed=1"
"Malcolm In The Middle";"Segunda temporada";"La Bolera";"http://www.megavideo.com/?s=seriesyonkis&v=7GUEBH5K&confirmed=1"
"Malcolm In The Middle";"Segunda temporada";"La Bolera";"http://www.megavideo.com/?s=seriesyonkis&v=KAB0UHWZ&confirmed=1"
"Malcolm In The Middle";"Segunda temporada";"Malcolm vs reese";"http://www.megavideo.com/?s=seriesyonkis&v=HP80RF2H&confirmed=1"
"Malcolm In The Middle";"Segunda temporada";"Malcolm vs reese";"http://www.megavideo.com/?s=seriesyonkis&v=O2Q8UHAR&confirmed=1"
"Malcolm In The Middle";"Segunda temporada";"Malcolm vs reese";"http://www.megavideo.com/?s=seriesyonkis&v=CPL7NYWA&confirmed=1"
"Malcolm In The Middle";"Segunda temporada";"Malcolm vs reese";"http://www.megavideo.com/?s=seriesyonkis&v=6P44F8NO&confirmed=1"
"Malcolm In The Middle";"Segunda temporada";"Mini moto";"http://www.megavideo.com/?s=seriesyonkis&v=DROUBYA5&confirmed=1"
"Malcolm In The Middle";"Segunda temporada";"Mini moto";"http://www.megavideo.com/?s=seriesyonkis&v=N1RBIZTL&confirmed=1"
"Malcolm In The Middle";"Segunda temporada";"Mini moto";"http://www.megavideo.com/?s=seriesyonkis&v=AZXPVUON&confirmed=1"
"Malcolm In The Middle";"Segunda temporada";"Carnaval";"http://www.megavideo.com/?s=seriesyonkis&v=4XZ0SUV6&confirmed=1"
"Malcolm In The Middle";"Segunda temporada";"Carnaval";"http://www.megavideo.com/?s=seriesyonkis&v=AKKWDOG8&confirmed=1"
"Malcolm In The Middle";"Segunda temporada";"Carnaval";"http://www.megavideo.com/?s=seriesyonkis&v=61KBES4J&confirmed=1"
"Malcolm In The Middle";"Segunda temporada";"La evacuacion";"http://www.megavideo.com/?s=seriesyonkis&v=E00LQLCN&confirmed=1"
"Malcolm In The Middle";"Segunda temporada";"La evacuacion";"http://www.megavideo.com/?s=seriesyonkis&v=NO0ZYOK4&confirmed=1"
"Malcolm In The Middle";"Segunda temporada";"La evacuacion";"http://www.megavideo.com/?s=seriesyonkis&v=GZ05UUS5&confirmed=1"
"Malcolm In The Middle";"Segunda temporada";"Flashback";"http://www.megavideo.com/?s=seriesyonkis&v=SOU24443&confirmed=1"
"Malcolm In The Middle";"Segunda temporada";"Flashback";"http://www.megavideo.com/?s=seriesyonkis&v=1WQWG5Z2&confirmed=1"
"Malcolm In The Middle";"Segunda temporada";"Flashback";"http://www.megavideo.com/?s=seriesyonkis&v=J3KYQWSJ&confirmed=1"
"Malcolm In The Middle";"Tercera temporada";"Capitulo Especial";"http://www.megavideo.com/?s=seriesyonkis&v=W6MVPJRX&confirmed=1"
"Malcolm In The Middle";"Tercera temporada";"La casa flotante";"http://www.megavideo.com/?s=seriesyonkis&v=91MMLOWF&confirmed=1"
"Malcolm In The Middle";"Tercera temporada";"La casa flotante";"http://www.megavideo.com/?s=seriesyonkis&v=HQDKY8XZ&confirmed=1"
"Malcolm In The Middle";"Tercera temporada";"La casa flotante";"http://www.megavideo.com/?s=seriesyonkis&v=TW5RUUNM&confirmed=1"
"Malcolm In The Middle";"Tercera temporada";"La casa flotante";"http://www.megavideo.com/?s=seriesyonkis&v=VUQWRFQ1&confirmed=1"
"Malcolm In The Middle";"Tercera temporada";"Emancipacion";"http://www.megavideo.com/?s=seriesyonkis&v=3DICME2J&confirmed=1"
"Malcolm In The Middle";"Tercera temporada";"Emancipacion";"http://www.megavideo.com/?s=seriesyonkis&v=TVEUOPPD&confirmed=1"
"Malcolm In The Middle";"Tercera temporada";"Emancipacion";"http://www.megavideo.com/?s=seriesyonkis&v=PXYNZM99&confirmed=1"
"Malcolm In The Middle";"Tercera temporada";"Emancipacion";"http://www.megavideo.com/?s=seriesyonkis&v=MNS2DY86&confirmed=1"
"Malcolm In The Middle";"Tercera temporada";"Emancipacion";"http://www.megavideo.com/?s=seriesyonkis&v=UUIWBXZY&confirmed=1"
"Malcolm In The Middle";"Tercera temporada";"Caridad";"http://www.megavideo.com/?s=seriesyonkis&v=ET0DAM3Z&confirmed=1"
"Malcolm In The Middle";"Tercera temporada";"Caridad";"http://www.megavideo.com/?s=seriesyonkis&v=6MO9VBCI&confirmed=1"
"Malcolm In The Middle";"Tercera temporada";"Caridad";"http://www.megavideo.com/?s=seriesyonkis&v=5BCP60HV&confirmed=1"
"Malcolm In The Middle";"Tercera temporada";"Caridad";"http://www.megavideo.com/?s=seriesyonkis&v=JCGPUMZ0&confirmed=1"
"Malcolm In The Middle";"Tercera temporada";"Caridad";"http://www.megavideo.com/?s=seriesyonkis&v=XN4B1Q18&confirmed=1"
"Malcolm In The Middle";"Tercera temporada";"El club del libro";"http://www.megavideo.com/?s=seriesyonkis&v=CV39ID8A&confirmed=1"
"Malcolm In The Middle";"Tercera temporada";"El club del libro";"http://www.megavideo.com/?s=seriesyonkis&v=UXYIRIM9&confirmed=1"
"Malcolm In The Middle";"Tercera temporada";"El club del libro";"http://www.megavideo.com/?s=seriesyonkis&v=LU5BC65Y&confirmed=1"
"Malcolm In The Middle";"Tercera temporada";"El club del libro";"http://www.megavideo.com/?s=seriesyonkis&v=JCWOQTWF&confirmed=1"
"Malcolm In The Middle";"Tercera temporada";"La novia de Malcolm";"http://www.megavideo.com/?s=seriesyonkis&v=XFICSGAQ&confirmed=1"
"Malcolm In The Middle";"Tercera temporada";"La novia de Malcolm";"http://www.megavideo.com/?s=seriesyonkis&v=XLR8XFB3&confirmed=1"
"Malcolm In The Middle";"Tercera temporada";"La novia de Malcolm";"http://www.megavideo.com/?s=seriesyonkis&v=2IXXCW4V&confirmed=1"
"Malcolm In The Middle";"Tercera temporada";"La novia de Malcolm";"http://www.megavideo.com/?s=seriesyonkis&v=MGA9H46I&confirmed=1"
"Malcolm In The Middle";"Tercera temporada";"La novia de Malcolm";"http://www.megavideo.com/?s=seriesyonkis&v=QHQTUV8T&confirmed=1"
"Malcolm In The Middle";"Tercera temporada";"Un susto con la salud";"http://www.megavideo.com/?s=seriesyonkis&v=MTBV9FG6&confirmed=1"
"Malcolm In The Middle";"Tercera temporada";"Un susto con la salud";"http://www.megavideo.com/?s=seriesyonkis&v=XIPLHNZR&confirmed=1"
"Malcolm In The Middle";"Tercera temporada";"Un susto con la salud";"http://www.megavideo.com/?s=seriesyonkis&v=PWFRUW5G&confirmed=1"
"Malcolm In The Middle";"Tercera temporada";"Un susto con la salud";"http://www.megavideo.com/?s=seriesyonkis&v=R5X81QIB&confirmed=1"
"Malcolm In The Middle";"Tercera temporada";"Un susto con la salud";"http://www.megavideo.com/?s=seriesyonkis&v=NTP35P14&confirmed=1"
"Malcolm In The Middle";"Tercera temporada";"Navidad";"http://www.megavideo.com/?s=seriesyonkis&v=H9Z1EY6I&confirmed=1"
"Malcolm In The Middle";"Tercera temporada";"Navidad";"http://www.megavideo.com/?s=seriesyonkis&v=8YMVCI5E&confirmed=1"
"Malcolm In The Middle";"Tercera temporada";"Navidad";"http://www.megavideo.com/?s=seriesyonkis&v=Z28VXXGF&confirmed=1"
"Malcolm In The Middle";"Tercera temporada";"Navidad";"http://www.megavideo.com/?s=seriesyonkis&v=UFXR8ET5&confirmed=1"
"Malcolm In The Middle";"Tercera temporada";"Poker";"http://www.megavideo.com/?s=seriesyonkis&v=UIAU05IJ&confirmed=1"
"Malcolm In The Middle";"Tercera temporada";"Poker";"http://www.megavideo.com/?s=seriesyonkis&v=HYHXYMTI&confirmed=1"
"Malcolm In The Middle";"Tercera temporada";"Poker";"http://www.megavideo.com/?s=seriesyonkis&v=YWL1E21A&confirmed=1"
"Malcolm In The Middle";"Tercera temporada";"Poker";"http://www.megavideo.com/?s=seriesyonkis&v=HF83XF1F&confirmed=1"
"Malcolm In The Middle";"Tercera temporada";"Poker";"http://www.megavideo.com/?s=seriesyonkis&v=R18POH3B&confirmed=1"
"Malcolm In The Middle";"Tercera temporada";"El trabajo de Reese";"http://www.megavideo.com/?s=seriesyonkis&v=4DWW4Z2O&confirmed=1"
"Malcolm In The Middle";"Tercera temporada";"El trabajo de Reese";"http://www.megavideo.com/?s=seriesyonkis&v=CRQ3NHKH&confirmed=1"
"Malcolm In The Middle";"Tercera temporada";"El trabajo de Reese";"http://www.megavideo.com/?s=seriesyonkis&v=MJSSO007&confirmed=1"
"Malcolm In The Middle";"Tercera temporada";"El trabajo de Reese";"http://www.megavideo.com/?s=seriesyonkis&v=N4EJ8D0H&confirmed=1"
"Malcolm In The Middle";"Tercera temporada";"El trabajo de Reese";"http://www.megavideo.com/?s=seriesyonkis&v=DFL6556K&confirmed=1"
"Malcolm In The Middle";"Tercera temporada";"El cambio de Lois";"http://www.megavideo.com/?s=seriesyonkis&v=SGJ8NTWD&confirmed=1"
"Malcolm In The Middle";"Tercera temporada";"El cambio de Lois";"http://www.megavideo.com/?s=seriesyonkis&v=3HQ80QNM&confirmed=1"
"Malcolm In The Middle";"Tercera temporada";"El cambio de Lois";"http://www.megavideo.com/?s=seriesyonkis&v=LF4646YS&confirmed=1"
"Malcolm In The Middle";"Tercera temporada";"El cambio de Lois";"http://www.megavideo.com/?s=seriesyonkis&v=EPFZLXT0&confirmed=1"
"Malcolm In The Middle";"Tercera temporada";"El cambio de Lois";"http://www.megavideo.com/?s=seriesyonkis&v=9MPUF3YS&confirmed=1"
"Malcolm In The Middle";"Tercera temporada";"El cambio de Lois";"http://www.megavideo.com/?s=seriesyonkis&v=JBRZTKKS&confirmed=1"
"Malcolm In The Middle";"Tercera temporada";" La excursión de empresa Parte I";"http://www.megavideo.com/?s=seriesyonkis&v=8ID99NLH&confirmed=1"
"Malcolm In The Middle";"Tercera temporada";" La excursión de empresa Parte I";"http://www.megavideo.com/?s=seriesyonkis&v=CR75K37P&confirmed=1"
"Malcolm In The Middle";"Tercera temporada";" La excursión de empresa Parte I";"http://www.megavideo.com/?s=seriesyonkis&v=3IOCOAWV&confirmed=1"
"Malcolm In The Middle";"Tercera temporada";" La excursión de empresa Parte I";"http://www.megavideo.com/?s=seriesyonkis&v=T1DVZFC6&confirmed=1"
"Malcolm In The Middle";"Tercera temporada";". La excursión de empresa Parte II";"http://www.megavideo.com/?s=seriesyonkis&v=0C2S6NMD&confirmed=1"
"Malcolm In The Middle";"Tercera temporada";". La excursión de empresa Parte II";"http://www.megavideo.com/?s=seriesyonkis&v=WOIIEMTH&confirmed=1"
"Malcolm In The Middle";"Tercera temporada";"Reese Conduce";"http://www.megavideo.com/?s=seriesyonkis&v=C59VE67L&confirmed=1"
"Malcolm In The Middle";"Tercera temporada";"Reese Conduce";"http://www.megavideo.com/?s=seriesyonkis&v=20XDVX57&confirmed=1"
"Malcolm In The Middle";"Tercera temporada";"Reese Conduce";"http://www.megavideo.com/?s=seriesyonkis&v=2UF5GDJE&confirmed=1"
"Malcolm In The Middle";"Tercera temporada";"Reese Conduce";"http://www.megavideo.com/?s=seriesyonkis&v=9B73D8XN&confirmed=1"
"Malcolm In The Middle";"Tercera temporada";"El regreso de Cynthia";"http://www.megavideo.com/?s=seriesyonkis&v=VGCC6MPN&confirmed=1"
"Malcolm In The Middle";"Tercera temporada";"El regreso de Cynthia";"http://www.megavideo.com/?s=seriesyonkis&v=SIH7XZT5&confirmed=1"
"Malcolm In The Middle";"Tercera temporada";"El regreso de Cynthia";"http://www.megavideo.com/?s=seriesyonkis&v=VDBF358F&confirmed=1"
"Malcolm In The Middle";"Tercera temporada";"El regreso de Cynthia";"http://www.megavideo.com/?s=seriesyonkis&v=FRM30HHY&confirmed=1"
"Malcolm In The Middle";"Tercera temporada";"El cumpleaños de Hal";"http://www.megavideo.com/?s=seriesyonkis&v=XOONK6F4&confirmed=1"
"Malcolm In The Middle";"Tercera temporada";"El cumpleaños de Hal";"http://www.megavideo.com/?s=seriesyonkis&v=SZWVTEF6&confirmed=1"
"Malcolm In The Middle";"Tercera temporada";"El cumpleaños de Hal";"http://www.megavideo.com/?s=seriesyonkis&v=VGV7MZCX&confirmed=1"
"Malcolm In The Middle";"Tercera temporada";"Hal entrenador";"http://www.megavideo.com/?s=seriesyonkis&v=56T38QHS&confirmed=1"
"Malcolm In The Middle";"Tercera temporada";"Hal entrenador";"http://www.megavideo.com/?s=seriesyonkis&v=TD20PJUQ&confirmed=1"
"Malcolm In The Middle";"Tercera temporada";"Hal entrenador";"http://www.megavideo.com/?s=seriesyonkis&v=TPA3R748&confirmed=1"
"Malcolm In The Middle";"Tercera temporada";"El perro de Dewey";"http://www.megavideo.com/?s=seriesyonkis&v=Y1BJ1E9C&confirmed=1"
"Malcolm In The Middle";"Tercera temporada";"El perro de Dewey";"http://www.megavideo.com/?s=seriesyonkis&v=MV0RCRH3&confirmed=1"
"Malcolm In The Middle";"Tercera temporada";"El perro de Dewey";"http://www.megavideo.com/?s=seriesyonkis&v=F2UJCGE1&confirmed=1"
"Malcolm In The Middle";"Tercera temporada";"El perro de Dewey";"http://www.megavideo.com/?s=seriesyonkis&v=N0PAZB2Q&confirmed=1"
"Malcolm In The Middle";"Tercera temporada";"Póker 2";"http://www.megavideo.com/?s=seriesyonkis&v=10WSG9H7&confirmed=1"
"Malcolm In The Middle";"Tercera temporada";"Póker 2";"http://www.megavideo.com/?s=seriesyonkis&v=K870SWQN&confirmed=1"
"Malcolm In The Middle";"Tercera temporada";"Póker 2";"http://www.megavideo.com/?s=seriesyonkis&v=PS41WVNJ&confirmed=1"
"Malcolm In The Middle";"Tercera temporada";"Póker 2";"http://www.megavideo.com/?s=seriesyonkis&v=ERSKP1JE&confirmed=1"
"Malcolm In The Middle";"Tercera temporada";"Retazos";"http://www.megavideo.com/?s=seriesyonkis&v=79XVB2SR&confirmed=1"
"Malcolm In The Middle";"Tercera temporada";"Retazos";"http://www.megavideo.com/?s=seriesyonkis&v=NNZNST4D&confirmed=1"
"Malcolm In The Middle";"Tercera temporada";"Retazos";"http://www.megavideo.com/?s=seriesyonkis&v=KJCZALJP&confirmed=1"
"Malcolm In The Middle";"Tercera temporada";"Retazos";"http://www.megavideo.com/?s=seriesyonkis&v=VBHQLJWN&confirmed=1"
"Malcolm In The Middle";"Tercera temporada";"Deber de jurado";"http://www.megavideo.com/?s=seriesyonkis&v=29CVE7E4&confirmed=1"
"Malcolm In The Middle";"Tercera temporada";"Deber de jurado";"http://www.megavideo.com/?s=seriesyonkis&v=33468C58&confirmed=1"
"Malcolm In The Middle";"Tercera temporada";"Deber de jurado";"http://www.megavideo.com/?s=seriesyonkis&v=Q98M0RS4&confirmed=1"
"Malcolm In The Middle";"Tercera temporada";"Deber de jurado";"http://www.megavideo.com/?s=seriesyonkis&v=L31KYNFP&confirmed=1"
"Malcolm In The Middle";"Tercera temporada";"Tribus";"http://www.megavideo.com/?s=seriesyonkis&v=83QS1ZVI&confirmed=1"
"Malcolm In The Middle";"Tercera temporada";"Tribus";"http://www.megavideo.com/?s=seriesyonkis&v=3VJ0PRVB&confirmed=1"
"Malcolm In The Middle";"Tercera temporada";"Tribus";"http://www.megavideo.com/?s=seriesyonkis&v=4VSDIU4C&confirmed=1"
"Malcolm In The Middle";"Tercera temporada";"Tribus";"http://www.megavideo.com/?s=seriesyonkis&v=VZ9JJ4OH&confirmed=1"
"Malcolm In The Middle";"Tercera temporada";" El Mono";"http://www.megavideo.com/?s=seriesyonkis&v=Q63QEQDL&confirmed=1"
"Malcolm In The Middle";"Tercera temporada";" El Mono";"http://www.megavideo.com/?s=seriesyonkis&v=XWRHB330&confirmed=1"
"Malcolm In The Middle";"Tercera temporada";" El Mono";"http://www.megavideo.com/?s=seriesyonkis&v=I6EJQRCQ&confirmed=1"
"Malcolm In The Middle";"Tercera temporada";" El Mono";"http://www.megavideo.com/?s=seriesyonkis&v=E6P14TC6&confirmed=1"
"Malcolm In The Middle";"Cuarta temporada";"Capitulo Especial";"http://www.megavideo.com/?s=seriesyonkis&v=PWQZQ8QU&confirmed=1"
"Malcolm In The Middle";"Cuarta temporada";"El Zoo";"http://www.megavideo.com/?s=seriesyonkis&v=NFOKJ3CT&confirmed=1"
"Malcolm In The Middle";"Cuarta temporada";"El Zoo";"http://www.megavideo.com/?s=seriesyonkis&v=TYGB5CVW&confirmed=1"
"Malcolm In The Middle";"Cuarta temporada";"Un Maraton de Humillaciones";"http://www.megavideo.com/?s=seriesyonkis&v=GNWTZ4QY&confirmed=1"
"Malcolm In The Middle";"Cuarta temporada";"Un Maraton de Humillaciones";"http://www.megavideo.com/?s=seriesyonkis&v=8FO4K5LZ&confirmed=1"
"Malcolm In The Middle";"Cuarta temporada";"Reunion Familiar";"http://www.megavideo.com/?s=seriesyonkis&v=VXNE26Z2&confirmed=1"
"Malcolm In The Middle";"Cuarta temporada";"Reunion Familiar";"http://www.megavideo.com/?s=seriesyonkis&v=8NTC5K5V&confirmed=1"
"Malcolm In The Middle";"Cuarta temporada";"Reunion Familiar";"http://www.megavideo.com/?s=seriesyonkis&v=CMLY8QJ3&confirmed=1"
"Malcolm In The Middle";"Cuarta temporada";"Chica Boba";"http://www.megavideo.com/?s=seriesyonkis&v=8NDEJH0G&confirmed=1"
"Malcolm In The Middle";"Cuarta temporada";"Chica Boba";"http://www.megavideo.com/?s=seriesyonkis&v=HCAJQIPL&confirmed=1"
"Malcolm In The Middle";"Cuarta temporada";"Chica Boba";"http://www.megavideo.com/?s=seriesyonkis&v=3WQ1WHWG&confirmed=1"
"Malcolm In The Middle";"Cuarta temporada";"Chica Boba";"http://www.megavideo.com/?s=seriesyonkis&v=7WBRLU3J&confirmed=1"
"Malcolm In The Middle";"Cuarta temporada";"Hacia Adelante Hacia Atras";"http://www.megavideo.com/?s=seriesyonkis&v=4IVNVUE7&confirmed=1"
"Malcolm In The Middle";"Cuarta temporada";"Hacia Adelante Hacia Atras";"http://www.megavideo.com/?s=seriesyonkis&v=7N8FOB7O&confirmed=1"
"Malcolm In The Middle";"Cuarta temporada";"Hacia Adelante Hacia Atras";"http://www.megavideo.com/?s=seriesyonkis&v=0DHZ5EJX&confirmed=1"
"Malcolm In The Middle";"Cuarta temporada";"Novia Prohibida";"http://www.megavideo.com/?s=seriesyonkis&v=KNAXFCZE&confirmed=1"
"Malcolm In The Middle";"Cuarta temporada";"Novia Prohibida";"http://www.megavideo.com/?s=seriesyonkis&v=LLCDXDS7&confirmed=1"
"Malcolm In The Middle";"Cuarta temporada";"Malcolm se Muerde la Lengua";"http://www.megavideo.com/?s=seriesyonkis&v=MZG6S97N&confirmed=1"
"Malcolm In The Middle";"Cuarta temporada";"Malcolm se Muerde la Lengua";"http://www.megavideo.com/?s=seriesyonkis&v=24GE14U4&confirmed=1"
"Malcolm In The Middle";"Cuarta temporada";"Malcolm se Muerde la Lengua";"http://www.megavideo.com/?s=seriesyonkis&v=0AYIVN44&confirmed=1"
"Malcolm In The Middle";"Cuarta temporada";"Chicos en el Rancho";"http://www.megavideo.com/?s=seriesyonkis&v=KRP0CA6L&confirmed=1"
"Malcolm In The Middle";"Cuarta temporada";"Chicos en el Rancho";"http://www.megavideo.com/?s=seriesyonkis&v=X68IOPZR&confirmed=1"
"Malcolm In The Middle";"Cuarta temporada";"Chicos en el Rancho";"http://www.megavideo.com/?s=seriesyonkis&v=1UXINPCJ&confirmed=1"
"Malcolm In The Middle";"Cuarta temporada";"La Demanda de la Abuela";"http://www.megavideo.com/?s=seriesyonkis&v=HAPCJN3L&confirmed=1"
"Malcolm In The Middle";"Cuarta temporada";"La Demanda de la Abuela";"http://www.megavideo.com/?s=seriesyonkis&v=Q1GZLEVT&confirmed=1"
"Malcolm In The Middle";"Cuarta temporada";"La Demanda de la Abuela";"http://www.megavideo.com/?s=seriesyonkis&v=PWL3S9WT&confirmed=1"
"Malcolm In The Middle";"Cuarta temporada";"Si los Niños Fueran Niñas";"http://www.megavideo.com/?s=seriesyonkis&v=RYL83BS4&confirmed=1"
"Malcolm In The Middle";"Cuarta temporada";"Si los Niños Fueran Niñas";"http://www.megavideo.com/?s=seriesyonkis&v=LOGI0S5O&confirmed=1"
"Malcolm In The Middle";"Cuarta temporada";"Si los Niños Fueran Niñas";"http://www.megavideo.com/?s=seriesyonkis&v=2EPR42ZV&confirmed=1"
"Malcolm In The Middle";"Cuarta temporada";"Si los Niños Fueran Niñas";"http://www.megavideo.com/?s=seriesyonkis&v=ZK3EPR7W&confirmed=1"
"Malcolm In The Middle";"Cuarta temporada";"Un Largo Viaje";"http://www.megavideo.com/?s=seriesyonkis&v=PTBIJ6GG&confirmed=1"
"Malcolm In The Middle";"Cuarta temporada";"Un Largo Viaje";"http://www.megavideo.com/?s=seriesyonkis&v=8U4E5BXR&confirmed=1"
"Malcolm In The Middle";"Cuarta temporada";"Un Largo Viaje";"http://www.megavideo.com/?s=seriesyonkis&v=GXWMK7F9&confirmed=1"
"Malcolm In The Middle";"Cuarta temporada";"A la Calle";"http://www.megavideo.com/?s=seriesyonkis&v=HBPPO3Q2&confirmed=1"
"Malcolm In The Middle";"Cuarta temporada";"A la Calle";"http://www.megavideo.com/?s=seriesyonkis&v=OEB5DQVM&confirmed=1"
"Malcolm In The Middle";"Cuarta temporada";"A la Calle";"http://www.megavideo.com/?s=seriesyonkis&v=S5I2K8KD&confirmed=1"
"Malcolm In The Middle";"Cuarta temporada";"La Tienda de Equipos Estereofonicos";"http://www.megavideo.com/?s=seriesyonkis&v=9SGZB0Q6&confirmed=1"
"Malcolm In The Middle";"Cuarta temporada";"La Tienda de Equipos Estereofonicos";"http://www.megavideo.com/?s=seriesyonkis&v=S5MDFR9N&confirmed=1"
"Malcolm In The Middle";"Cuarta temporada";"La Tienda de Equipos Estereofonicos";"http://www.megavideo.com/?s=seriesyonkis&v=DA8HHGJA&confirmed=1"
"Malcolm In The Middle";"Cuarta temporada";"El Amigo de Hal";"http://www.megavideo.com/?s=seriesyonkis&v=MXEGZU3J&confirmed=1"
"Malcolm In The Middle";"Cuarta temporada";"El Amigo de Hal";"http://www.megavideo.com/?s=seriesyonkis&v=RBWCM4U4&confirmed=1"
"Malcolm In The Middle";"Cuarta temporada";"El Amigo de Hal";"http://www.megavideo.com/?s=seriesyonkis&v=6LG2B69F&confirmed=1"
"Malcolm In The Middle";"Cuarta temporada";"Venta Casera";"http://www.megavideo.com/?s=seriesyonkis&v=I2CCJZF7&confirmed=1"
"Malcolm In The Middle";"Cuarta temporada";"Venta Casera";"http://www.megavideo.com/?s=seriesyonkis&v=4YQTFVF7&confirmed=1"
"Malcolm In The Middle";"Cuarta temporada";"Venta Casera";"http://www.megavideo.com/?s=seriesyonkis&v=87AUQ3Q6&confirmed=1"
"Malcolm In The Middle";"Cuarta temporada";"Concurso de Sabios";"http://www.megavideo.com/?s=seriesyonkis&v=UX04BDMW&confirmed=1"
"Malcolm In The Middle";"Cuarta temporada";"Concurso de Sabios";"http://www.megavideo.com/?s=seriesyonkis&v=8YLFHLZ4&confirmed=1"
"Malcolm In The Middle";"Cuarta temporada";"Concurso de Sabios";"http://www.megavideo.com/?s=seriesyonkis&v=7MQU8BRQ&confirmed=1"
"Malcolm In The Middle";"Cuarta temporada";"Imagenes Para el Recuerdo";"http://www.megavideo.com/?s=seriesyonkis&v=63V2TDOX&confirmed=1"
"Malcolm In The Middle";"Cuarta temporada";"Imagenes Para el Recuerdo";"http://www.megavideo.com/?s=seriesyonkis&v=PPTK6G68&confirmed=1"
"Malcolm In The Middle";"Cuarta temporada";"Imagenes Para el Recuerdo";"http://www.megavideo.com/?s=seriesyonkis&v=CP7NH96Y&confirmed=1"
"Malcolm In The Middle";"Cuarta temporada";"La Fiesta de Reese";"http://www.megavideo.com/?s=seriesyonkis&v=4QX9M1S0&confirmed=1"
"Malcolm In The Middle";"Cuarta temporada";"La Fiesta de Reese";"http://www.megavideo.com/?s=seriesyonkis&v=IDY4MUX9&confirmed=1"
"Malcolm In The Middle";"Cuarta temporada";"La Fiesta de Reese";"http://www.megavideo.com/?s=seriesyonkis&v=CYD7R96V&confirmed=1"
"Malcolm In The Middle";"Cuarta temporada";"El Futuro De Malcolm";"http://www.megavideo.com/?s=seriesyonkis&v=0LZE2B6W&confirmed=1"
"Malcolm In The Middle";"Cuarta temporada";"El Futuro De Malcolm";"http://www.megavideo.com/?s=seriesyonkis&v=U92W66YY&confirmed=1"
"Malcolm In The Middle";"Cuarta temporada";"El Futuro De Malcolm";"http://www.megavideo.com/?s=seriesyonkis&v=MDQL0T87&confirmed=1"
"Malcolm In The Middle";"Cuarta temporada";"El Bebe Primera Parte";"http://www.megavideo.com/?s=seriesyonkis&v=AOJUPHUR&confirmed=1"
"Malcolm In The Middle";"Cuarta temporada";"El Bebe Primera Parte";"http://www.megavideo.com/?s=seriesyonkis&v=5BFQG4IS&confirmed=1"
"Malcolm In The Middle";"Cuarta temporada";"El Bebe Primera Parte";"http://www.megavideo.com/?s=seriesyonkis&v=PAHZ3EVX&confirmed=1"
"Malcolm In The Middle";"Cuarta temporada";"El Bebe Segunda Parte";"http://www.megavideo.com/?s=seriesyonkis&v=PU8931L7&confirmed=1"
"Malcolm In The Middle";"Cuarta temporada";"El Bebe Segunda Parte";"http://www.megavideo.com/?s=seriesyonkis&v=B0XL90TO&confirmed=1"
"Malcolm In The Middle";"Cuarta temporada";"El Bebe Segunda Parte";"http://www.megavideo.com/?s=seriesyonkis&v=4O8J2FWG&confirmed=1"
"Malcolm In The Middle";"Cuarta temporada";"La Guardería";"http://www.megavideo.com/?s=seriesyonkis&v=47W5WBNJ&confirmed=1"
"Malcolm In The Middle";"Cuarta temporada";"La Guardería";"http://www.megavideo.com/?s=seriesyonkis&v=SFA9ZOEF&confirmed=1"
"Malcolm In The Middle";"Quinta temporada";"Capitulo Especial";"http://www.megavideo.com/?s=seriesyonkis&v=0QQGV495&confirmed=1"
"Malcolm In The Middle";"Quinta temporada";"Las Vegas";"http://www.megavideo.com/?s=seriesyonkis&v=2W9KHYZE&confirmed=1"
"Malcolm In The Middle";"Quinta temporada";"Las Vegas";"http://www.megavideo.com/?s=seriesyonkis&v=W150Y9Q0&confirmed=1"
"Malcolm In The Middle";"Quinta temporada";"Las Vegas";"http://www.megavideo.com/?s=seriesyonkis&v=JAYNVHJJ&confirmed=1"
"Malcolm In The Middle";"Quinta temporada";"Las Vegas";"http://www.megavideo.com/?s=seriesyonkis&v=S7FPFWPG&confirmed=1"
"Malcolm In The Middle";"Quinta temporada";"Cuidando al bebé";"http://www.megavideo.com/?s=seriesyonkis&v=BOBHXCV6&confirmed=1"
"Malcolm In The Middle";"Quinta temporada";"Cuidando al bebé";"http://www.megavideo.com/?s=seriesyonkis&v=43LNVY6B&confirmed=1"
"Malcolm In The Middle";"Quinta temporada";"Cuidando al bebé";"http://www.megavideo.com/?s=seriesyonkis&v=KQ7DIU9W&confirmed=1"
"Malcolm In The Middle";"Quinta temporada";"Cuidando al bebé";"http://www.megavideo.com/?s=seriesyonkis&v=45XYRHQ6&confirmed=1"
"Malcolm In The Middle";"Quinta temporada";"Adiós Kitty";"http://www.megavideo.com/?s=seriesyonkis&v=S3NV9XVF&confirmed=1"
"Malcolm In The Middle";"Quinta temporada";"Adiós Kitty";"http://www.megavideo.com/?s=seriesyonkis&v=7FIPZY3S&confirmed=1"
"Malcolm In The Middle";"Quinta temporada";"Adiós Kitty";"http://www.megavideo.com/?s=seriesyonkis&v=LH4KLWPS&confirmed=1"
"Malcolm In The Middle";"Quinta temporada";"Adiós Kitty";"http://www.megavideo.com/?s=seriesyonkis&v=F5DC0KD6&confirmed=1"
"Malcolm In The Middle";"Quinta temporada";"Acción de gracias";"http://www.megavideo.com/?s=seriesyonkis&v=0B5KHT07&confirmed=1"
"Malcolm In The Middle";"Quinta temporada";"Acción de gracias";"http://www.megavideo.com/?s=seriesyonkis&v=RKV2ZGUY&confirmed=1"
"Malcolm In The Middle";"Quinta temporada";"Acción de gracias";"http://www.megavideo.com/?s=seriesyonkis&v=DRZ7Y9QD&confirmed=1"
"Malcolm In The Middle";"Quinta temporada";"Acción de gracias";"http://www.megavideo.com/?s=seriesyonkis&v=MWAEM62Q&confirmed=1"
"Malcolm In The Middle";"Quinta temporada";"Malcom graba a Reese";"http://www.megavideo.com/?s=seriesyonkis&v=X74M1TPQ&confirmed=1"
"Malcolm In The Middle";"Quinta temporada";"Malcom graba a Reese";"http://www.megavideo.com/?s=seriesyonkis&v=99M6WWC7&confirmed=1"
"Malcolm In The Middle";"Quinta temporada";"El trabajo de Malcolm";"http://www.megavideo.com/?s=seriesyonkis&v=67OQG3J0&confirmed=1"
"Malcolm In The Middle";"Quinta temporada";"El trabajo de Malcolm";"http://www.megavideo.com/?s=seriesyonkis&v=ZEZVEIXU&confirmed=1"
"Malcolm In The Middle";"Quinta temporada";"El trabajo de Malcolm";"http://www.megavideo.com/?s=seriesyonkis&v=88QN6WD4&confirmed=1"
"Malcolm In The Middle";"Quinta temporada";"Árbol de navidad";"http://www.megavideo.com/?s=seriesyonkis&v=XSG6N4J0&confirmed=1"
"Malcolm In The Middle";"Quinta temporada";"Árbol de navidad";"http://www.megavideo.com/?s=seriesyonkis&v=M791X4KR&confirmed=1"
"Malcolm In The Middle";"Quinta temporada";"Árbol de navidad";"http://www.megavideo.com/?s=seriesyonkis&v=U4TB5ZXZ&confirmed=1"
"Malcolm In The Middle";"Quinta temporada";"La fiesta del barrio";"http://www.megavideo.com/?s=seriesyonkis&v=Z9A7T9EB&confirmed=1"
"Malcolm In The Middle";"Quinta temporada";"La fiesta del barrio";"http://www.megavideo.com/?s=seriesyonkis&v=DTO4PLTR&confirmed=1"
"Malcolm In The Middle";"Quinta temporada";"La fiesta del barrio";"http://www.megavideo.com/?s=seriesyonkis&v=7GHCKSD5&confirmed=1"
"Malcolm In The Middle";"Quinta temporada";"Clasificacion X";"http://www.megavideo.com/?s=seriesyonkis&v=C61EMYC4&confirmed=1"
"Malcolm In The Middle";"Quinta temporada";"Clasificacion X";"http://www.megavideo.com/?s=seriesyonkis&v=SQI1L58O&confirmed=1"
"Malcolm In The Middle";"Quinta temporada";"Clasificacion X";"http://www.megavideo.com/?s=seriesyonkis&v=OJ8HBH0H&confirmed=1"
"Malcolm In The Middle";"Quinta temporada";"Clasificacion X";"http://www.megavideo.com/?s=seriesyonkis&v=7L1OST49&confirmed=1"
"Malcolm In The Middle";"Quinta temporada";"El Jacuzzi";"http://www.megavideo.com/?s=seriesyonkis&v=5TQJT1EG&confirmed=1"
"Malcolm In The Middle";"Quinta temporada";"El Jacuzzi";"http://www.megavideo.com/?s=seriesyonkis&v=Z3IIBO9T&confirmed=1"
"Malcolm In The Middle";"Quinta temporada";"El Jacuzzi";"http://www.megavideo.com/?s=seriesyonkis&v=T7QU8KAZ&confirmed=1"
"Malcolm In The Middle";"Quinta temporada";"El Jacuzzi";"http://www.megavideo.com/?s=seriesyonkis&v=3G221D6Q&confirmed=1"
"Malcolm In The Middle";"Quinta temporada";"El Novio De Aida";"http://www.megavideo.com/?s=seriesyonkis&v=MOHMAISH&confirmed=1"
"Malcolm In The Middle";"Quinta temporada";"El Novio De Aida";"http://www.megavideo.com/?s=seriesyonkis&v=V8A58X97&confirmed=1"
"Malcolm In The Middle";"Quinta temporada";"El Novio De Aida";"http://www.megavideo.com/?s=seriesyonkis&v=OD5K14F9&confirmed=1"
"Malcolm In The Middle";"Quinta temporada";"Softball";"http://www.megavideo.com/?s=seriesyonkis&v=Q5NXK3NM&confirmed=1"
"Malcolm In The Middle";"Quinta temporada";"Softball";"http://www.megavideo.com/?s=seriesyonkis&v=QL4HV16W&confirmed=1"
"Malcolm In The Middle";"Quinta temporada";"Softball";"http://www.megavideo.com/?s=seriesyonkis&v=12T0JLSU&confirmed=1"
"Malcolm In The Middle";"Quinta temporada";"Softball";"http://www.megavideo.com/?s=seriesyonkis&v=CX3670FU&confirmed=1"
"Malcolm In The Middle";"Quinta temporada";"La hermana de Lois";"http://www.megavideo.com/?s=seriesyonkis&v=I5F5SS4J&confirmed=1"
"Malcolm In The Middle";"Quinta temporada";"La hermana de Lois";"http://www.megavideo.com/?s=seriesyonkis&v=V2U7EC43&confirmed=1"
"Malcolm In The Middle";"Quinta temporada";"La hermana de Lois";"http://www.megavideo.com/?s=seriesyonkis&v=Q0Z47LGA&confirmed=1"
"Malcolm In The Middle";"Quinta temporada";"Malcolm adopta una familia";"http://www.megavideo.com/?s=seriesyonkis&v=O03XNJA2&confirmed=1"
"Malcolm In The Middle";"Quinta temporada";"Malcolm adopta una familia";"http://www.megavideo.com/?s=seriesyonkis&v=C5X3OPJ6&confirmed=1"
"Malcolm In The Middle";"Quinta temporada";"Malcolm adopta una familia";"http://www.megavideo.com/?s=seriesyonkis&v=VX5E0NVG&confirmed=1"
"Malcolm In The Middle";"Quinta temporada";"El Apartamento de Reese";"http://www.megavideo.com/?s=seriesyonkis&v=C46B3DO1&confirmed=1"
"Malcolm In The Middle";"Quinta temporada";"El Apartamento de Reese";"http://www.megavideo.com/?s=seriesyonkis&v=X1SC9K8X&confirmed=1"
"Malcolm In The Middle";"Quinta temporada";"El Apartamento de Reese";"http://www.megavideo.com/?s=seriesyonkis&v=EKSZIVQM&confirmed=1"
"Malcolm In The Middle";"Quinta temporada";"Malcolm visita la universidad";"http://www.megavideo.com/?s=seriesyonkis&v=RFLAZLJ0&confirmed=1"
"Malcolm In The Middle";"Quinta temporada";"Malcolm visita la universidad";"http://www.megavideo.com/?s=seriesyonkis&v=GVNZJQ2C&confirmed=1"
"Malcolm In The Middle";"Quinta temporada";"Malcolm visita la universidad";"http://www.megavideo.com/?s=seriesyonkis&v=X8RUXIW4&confirmed=1"
"Malcolm In The Middle";"Quinta temporada";"Polly En El Medio";"http://www.megavideo.com/?s=seriesyonkis&v=M2L392TC&confirmed=1"
"Malcolm In The Middle";"Quinta temporada";"Polly En El Medio";"http://www.megavideo.com/?s=seriesyonkis&v=M2ZEKCX6&confirmed=1"
"Malcolm In The Middle";"Quinta temporada";"Polly En El Medio";"http://www.megavideo.com/?s=seriesyonkis&v=7HTKKBOK&confirmed=1"
"Malcolm In The Middle";"Quinta temporada";"La Clase Especial De Dewey";"http://www.megavideo.com/?s=seriesyonkis&v=7ZIJ5KBN&confirmed=1"
"Malcolm In The Middle";"Quinta temporada";"La Clase Especial De Dewey";"http://www.megavideo.com/?s=seriesyonkis&v=DI753I0S&confirmed=1"
"Malcolm In The Middle";"Quinta temporada";"La Clase Especial De Dewey";"http://www.megavideo.com/?s=seriesyonkis&v=6XCHD49G&confirmed=1"
"Malcolm In The Middle";"Quinta temporada";"La Clase Especial De Dewey";"http://www.megavideo.com/?s=seriesyonkis&v=U7J98GNG&confirmed=1"
"Malcolm In The Middle";"Quinta temporada";"El Experimento";"http://www.megavideo.com/?s=seriesyonkis&v=NH5N5H4C&confirmed=1"
"Malcolm In The Middle";"Quinta temporada";"El Experimento";"http://www.megavideo.com/?s=seriesyonkis&v=23ORDAL8&confirmed=1"
"Malcolm In The Middle";"Quinta temporada";"El Experimento";"http://www.megavideo.com/?s=seriesyonkis&v=3EPTXJ8R&confirmed=1"
"Malcolm In The Middle";"Quinta temporada";"El Experimento";"http://www.megavideo.com/?s=seriesyonkis&v=APZ1SPEW&confirmed=1"
"Malcolm In The Middle";"Quinta temporada";"La otra familia de Victor";"http://www.megavideo.com/?s=seriesyonkis&v=GEJU04T0&confirmed=1"
"Malcolm In The Middle";"Quinta temporada";"La otra familia de Victor";"http://www.megavideo.com/?s=seriesyonkis&v=15XN2XG9&confirmed=1"
"Malcolm In The Middle";"Quinta temporada";"La otra familia de Victor";"http://www.megavideo.com/?s=seriesyonkis&v=CUNH5FXI&confirmed=1"
"Malcolm In The Middle";"Quinta temporada";"La otra familia de Victor";"http://www.megavideo.com/?s=seriesyonkis&v=UORD2GQS&confirmed=1"
"Malcolm In The Middle";"Quinta temporada";"Reese se alista en el ejercito parte 1";"http://www.megavideo.com/?s=seriesyonkis&v=HXRN2KP9&confirmed=1"
"Malcolm In The Middle";"Quinta temporada";"Reese se alista en el ejercito parte 1";"http://www.megavideo.com/?s=seriesyonkis&v=CROKSKYL&confirmed=1"
"Malcolm In The Middle";"Quinta temporada";"Reese se alista en el ejercito parte 1";"http://www.megavideo.com/?s=seriesyonkis&v=5QL79O8F&confirmed=1"
"Malcolm In The Middle";"Quinta temporada";"Reese se alista en el ejercito parte 1";"http://www.megavideo.com/?s=seriesyonkis&v=8NV13XA2&confirmed=1"
"Malcolm In The Middle";"Quinta temporada";"Reese se alista en el ejercito parte 2";"http://www.megavideo.com/?s=seriesyonkis&v=NJHG3BSU&confirmed=1"
"Malcolm In The Middle";"Quinta temporada";"Reese se alista en el ejercito parte 2";"http://www.megavideo.com/?s=seriesyonkis&v=8F2KATCC&confirmed=1"
"Malcolm In The Middle";"Quinta temporada";"Reese se alista en el ejercito parte 2";"http://www.megavideo.com/?s=seriesyonkis&v=Q59C6VIV&confirmed=1"
"Malcolm In The Middle";"Quinta temporada";"Reese se alista en el ejercito parte 2";"http://www.megavideo.com/?s=seriesyonkis&v=CSXO3YMN&confirmed=1"
